source_id,ra,ra_error,dec,parallax,parallax_error,parallax_over_error,pm,pmra,pmdec,phot_g_mean_mag,bp_rp,astrometric_excess_noise,astrometric_excess_noise_sig,visibility_periods_used,ruwe,l,b
3312408319186235520,67.6415947161492,0.3216814,14.747976746494444,20.132587476239596,0.36596155,55.012848,98.55744,97.18962516286848,-16.36292548313833,13.6755705,2.7153435,2.5567715,4232.8794,17,3.9454203,181.60538715012984,-22.3496157430487
151374477375986176,67.40147852974339,0.027213518,26.57294566532224,20.240852004653053,0.030556511,662.40717,112.26473,97.86022473074928,-55.01587786445061,14.592121,2.9890013,0.1085294,3.5134234,16,1.17273,171.86801260030813,-14.937865594433076
3311024789960504576,65.39545704764056,0.023985242,14.409703887220196,20.67979693450329,0.027044397,764.6611,105.944626,104.19978440400168,-19.148581742579594,6.4990244,0.54883385,0.1500808,26.758965,14,1.0944234,180.41325121426536,-24.257825860442377
3311151233797884416,66.05246947657736,0.18772341,14.75815758342354,20.85619771465096,0.20330013,102.58822,110.92176,110.22626713190958,-12.401878513086965,7.4817166,0.7890749,1.6570947,1914.8009,15,4.709577,180.5560839011841,-23.544619622993647
3410453489023420416,68.42516726156403,0.01809052,19.01388394635447,20.871118754097125,0.021693328,962.0986,105.53692,99.964197711193,-33.84079829485312,10.271567,1.4503965,0.10567888,16.793259,16,1.0452945,178.54163783854213,-19.101196516212514
3310478710637066752,64.53629289150157,0.061282784,13.331259196596612,20.934388473210237,0.06810414,307.3879,112.1057,111.15798514707244,-14.546098512480594,13.949699,2.8872652,0.5484205,154.60703,16,1.5854778,180.75237507000995,-25.586050940820243
43789772861265792,57.60462004191989,0.014330145,17.24640938413766,21.01286843657661,0.015778624,1331.7301,129.22064,127.2782830609336,-22.32068277832132,9.210812,1.0801163,0.07097701,8.7668085,17,1.0372365,172.48307720810757,-27.93685746031181
3312348872541805184,64.22748221254695,0.013089858,16.356806031614795,21.063924177565333,0.014529831,1449.702,118.0858,115.22802477350784,-25.82165237738849,13.190009,2.5590515,0.03993445,1.3550934,16,1.1301515,177.98588091991158,-23.87433581466256
146727391481452544,69.24266407105962,0.09609354,23.27715799874353,20.3687781601637,0.110327736,184.62065,101.7829,91.3865417851164,-44.813588017583925,17.21223,3.933959,0.33553484,2.7633455,15,1.0285324,175.59163921335582,-15.808790332509574
147232651433766528,70.85359728998459,0.020382041,24.2964410178168,20.51635582322876,0.020655721,993.2529,105.507454,91.6557375268811,-52.25943492761425,12.903985,2.5290155,0.10846902,13.900399,17,1.0597734,175.74090068740264,-14.022464396626724
49131681384221952,65.44163945529262,0.1357469,20.395550027325378,20.540163199450884,0.1561106,131.57443,110.00917,104.811415931944,-33.41532847520043,17.93693,4.314142,0.36460084,1.7232621,16,0.94564676,175.49824411494356,-20.362928683517094
47751828650825856,65.05889052370046,0.09378301,18.70196761968929,20.644823633460607,0.10241049,201.58896,109.79307,105.09720116301764,-31.766270421566404,17.380816,4.105853,0.40764713,3.9759138,16,1.0328475,176.61610449800713,-21.744972246824204
3307650109600736000,67.20948986265694,0.08211854,13.04753577613368,20.7158275616805,0.08992032,230.37982,105.127556,104.0662360049054,-14.900380463272183,4.974638,0.28398275,0.6664452,1059.9623,16,1.1548831,182.7809430260135,-23.727017072135
3309918646903563264,69.74413335884405,0.06067358,15.66134729244483,20.73420397208147,0.07816423,265.26462,95.71643,92.88202041354572,-23.120656818575483,16.722443,3.7036982,0.27151456,4.3133326,19,1.0284376,182.16528175111597,-20.1866281844441
50427387118457984,60.06551761888576,0.026391082,19.40999977920341,20.784654277557596,0.031543713,658.9159,128.40524,124.05003154447888,-33.15864551058504,14.678405,3.0044937,0.122202724,5.171829,17,1.205549,172.58386042734958,-24.7542181294393
3309541170817293824,68.66689038204488,0.05496967,15.208964911975178,21.07507415226267,0.06817406,309.1363,109.21065,103.15688773254992,-35.85557174837498,11.549942,2.0912971,0.43920445,261.93387,18,3.344131,181.87077173809723,-21.28527890157207
3310615565476268032,65.22015770420096,0.02935144,13.864370841354328,21.09351261138683,0.03247488,649.53326,107.59944,106.88260714504528,-12.399521780388248,6.0480075,0.5970855,0.17810667,41.233383,12,1.1201186,180.75995143918863,-24.73400762286722
3311934086075988864,64.4656126372456,0.025675429,15.227063447450588,21.125368661812228,0.02709581,779.6545,111.810974,109.65233201547665,-21.86460130676811,14.218251,2.8814716,0.04173507,0.6358587,12,1.077109,179.0930979325972,-24.429442342710622
3310640648085373824,64.44922468154691,0.019885365,13.661704892347966,21.139233734577186,0.022931347,921.84875,110.54016,109.25947233228388,-16.777791608316285,11.770583,2.082737,0.13433275,21.019226,16,1.3031068,180.4097725678961,-25.44195797586402
3312025001943976064,65.80253436758252,0.024930261,15.712784182546748,21.566208065928656,0.027361881,788.1844,114.30034,112.2485024763629,-21.56015783535826,14.3163395,2.9911318,0.103619374,3.3605263,16,1.1712971,179.5844979847358,-23.127943102999367
3313977356636886144,66.02741879597104,0.10615827,17.4442235658507,21.6459760407146,0.10286981,210.42108,110.19571,107.84832747952228,-22.62373525280196,14.583092,2.597931,0.55320233,114.69239,13,1.213657,178.29056811236185,-21.857033815598097
144171233106399104,67.81589657872274,0.018798908,20.13299459878652,21.709497140089493,0.020119479,1079.0288,113.54925,106.53332318806764,-39.29482776447058,8.404495,0.90096426,0.09366788,8.448173,17,0.9009007,177.2416365931492,-18.8356641305831
3308403897837092992,70.09992853565252,0.027836675,13.979318665904936,21.759915026491484,0.032920063,660.9925,97.537,95.28566036074272,-20.835310650511087,14.9131975,-0.15952682,0.17401126,9.223114,20,1.0570222,183.81989665191085,-20.926480919680863
3313778207594395392,66.81983230907242,0.018669385,17.241711375171782,21.81444620546993,0.020584943,1059.7283,112.05623,107.51215513083208,-31.586936720187342,12.13662,2.210867,0.12187157,21.699467,17,1.2495142,178.97729093316732,-21.40357260950288
3306483944378137088,69.53990118480833,0.15657331,12.510770912489669,22.030957747168557,0.19201577,114.735146,105.744095,104.69464756654698,-14.860823838208058,4.253432,0.18638706,1.451183,5091.6177,18,2.7248995,184.7371655088593,-22.24036864191147
3308501926171656832,72.29440092915024,0.021812307,13.811345343593024,22.131125231488067,0.02521971,877.5329,91.09596,88.33667020089916,-22.250997369206093,14.280831,2.9861012,0.05512848,1.3555759,19,1.1009713,185.30490294934037,-19.30723040076485
3409548556593300480,69.93787274420261,0.0520943,18.094692552580685,22.31447961767648,0.0564113,395.56757,108.418015,102.88484380975328,-34.19319221143056,16.200205,3.6003256,0.25075755,5.1861663,19,1.0817941,180.24497390513764,-18.55142273826941
145218857232329472,69.15895811624549,0.028960917,23.041749426082887,22.479936572382865,0.03354585,670.12573,115.60328,103.314707700456,-51.86702742446364,13.074914,2.7881413,0.20000245,34.274666,16,2.0043025,175.72917099856556,-16.01818734412376
45769546624484736,64.05691179600716,0.18799639,16.796588846576263,20.590147840419927,0.2016998,102.083145,111.74872,109.61404156684677,-21.737954101547505,15.543332,3.468278,1.4418558,229.79048,15,5.199493,177.50477697020398,-23.71201802584629
145784835140102016,66.32628208468356,0.018244334,23.060624403370937,20.7536113300791,0.020000981,1037.6296,115.166016,106.44698152807058,-43.957385307406525,12.954094,2.4809856,0.1293728,19.689756,16,1.17332,173.9465646256979,-17.9901053306338
3307843524864280192,67.09389131915107,0.033203777,13.822676224049486,20.77181149357056,0.035072938,592.24615,106.874886,105.07476082538018,-19.53295525173183,14.891436,3.1672688,0.07129207,1.7009215,15,1.0380604,182.03905608520083,-23.33864106788026
3391564527794446976,74.88597924839392,0.34928834,13.081822755654615,20.79203349582033,0.3834032,54.2302,83.10278,80.49608080697446,-20.6507588700384,19.12323,3.7730331,1.1634256,2.925035,16,1.0943125,187.46118765401872,-17.663023597520716
47803952373768960,64.01545924155742,0.016939044,18.85907582957696,20.81802907900175,0.018925542,1099.9965,116.42518,112.99087732712964,-28.06927769236524,12.993462,2.5119476,0.060201183,3.4644241,15,0.95159847,175.78745533017815,-22.385938302639666
3311179340063437952,66.52007676867467,0.025407225,15.041285019426097,20.8390589991997,0.027691659,752.5392,104.11404,101.60630054880184,-22.71326170096517,11.470464,1.9116602,0.22336443,113.15317,18,1.8935764,180.6252674804109,-23.015165175607983
3311492803955469696,63.79389433144968,0.015777916,14.398373872357954,20.978217741068452,0.017638173,1189.3645,116.04677,114.58061638282337,-18.38846027027257,10.929824,1.7070513,0.0835619,8.339259,15,1.0539469,179.33228208701834,-25.459684769114546
3312637842237882880,67.96612153925633,0.04500689,15.851471350184571,21.00505488455235,0.05281615,397.7014,105.25174,99.4956310598399,-34.32999088297088,5.928877,0.46518755,0.320926,162.25877,16,1.5450443,180.8806216846241,-21.420425504816617
145293181643038336,66.57757082391856,0.046233915,21.470262123168748,21.022085450482432,0.05181636,405.70364,110.25688,103.57539571101086,-37.79838463589298,7.239102,0.68395376,0.36931333,144.82744,17,2.1216698,175.37288923589867,-18.85739033728395
3312440445540818304,67.81866462842426,0.052046824,15.00322280399349,21.05318989100504,0.05802669,362.81906,103.16384,101.15523679833852,-20.258241111458684,16.090866,3.5432816,0.2555695,5.969705,19,1.1030897,181.50287831725453,-22.057330893268592
3306722607119077120,68.43779586213405,0.029952487,12.71114645559168,21.1317743941902,0.034443296,613.52356,100.033806,98.9922681465868,-14.39769732761123,14.242379,-0.2868185,0.20881513,23.043804,18,1.0895413,183.86510916821345,-22.98119882191471
3303530209469039616,61.85267271178611,0.057237197,10.740581426524551,21.21141476610331,0.06348634,334.10992,120.02267,119.7844629063574,-7.558021096718419,16.219955,3.502411,0.26502165,5.2991223,16,1.0895038,181.12535732051788,-29.258835341536837
3312536927686011520,67.53632737172786,0.0488839,15.637736095425185,21.4201372807942,0.05598455,382.608,111.04524,108.88056712014205,-21.81897870414946,5.6056676,0.4476633,0.34836403,200.55367,16,0.9843407,180.78409391834157,-21.87732240087736
47729215646206080,64.46150286122511,0.048841834,18.475053544960037,21.64021425359963,0.05619019,385.12442,117.2812,113.17087381270306,-30.77713833776765,12.703422,2.6998405,0.37217644,145.12346,16,2.711683,176.400902282755,-22.32143053671305
3406823245223942528,72.26509216185069,0.016840128,18.641073544602044,21.919610281288232,0.018607637,1177.99,97.4449,89.27223867799621,-39.06373579136996,8.757004,0.9974756,0.07505537,6.3231983,18,0.934118,181.1998994270444,-16.4663940642589
3406417903390509056,73.09168071718106,0.043776598,17.174054883750856,21.940221992612432,0.044422638,493.89734,93.981,87.45237417752612,-34.41671792561823,15.6612015,3.3148842,0.08467639,1.0606482,17,1.0058796,182.9180795593753,-16.709785532571523
38329666836450304,59.560442195261466,0.039668288,12.62796900981299,21.94775521269117,0.044486865,493.3536,130.28487,129.70709549745908,-12.256301508950882,15.08387,3.2001438,0.19747783,7.5764174,15,1.2253011,177.79961763300648,-29.729629338113188
3310634944368705664,64.9909642432842,0.057899028,14.035119724261309,21.97774049011765,0.062129736,353.73947,116.894905,115.369072100897,-18.825387132746577,5.5111136,0.39070892,0.3872715,207.6256,14,1.2135509,180.45940244258128,-24.79846263039215
3411887595780736128,72.17598570547419,0.18540244,21.10079745390958,22.640438518696524,0.2018068,112.188675,107.23722,92.82076515251067,-53.70407484742832,8.834197,1.0153942,1.3960341,2616.15,16,7.6235824,179.11356672908204,-15.043133618301356
3308127405023027328,70.3740966937844,0.019870428,13.221124178946916,22.66290805390508,0.023663454,957.7177,100.966545,99.23287062203264,-18.63009160821845,10.491406,1.8964214,0.14458363,29.599295,18,1.4050351,184.6424776843509,-21.164157392475733
3410453489022728576,68.42662834627303,0.2591766,19.013283769225044,20.30263423546744,0.264669,76.70953,106.93382,102.06974639555295,-31.88431589005483,18.51686,2.8797836,0.78548163,3.734267,14,0.9948081,178.54305180113414,-19.10050139704768
3294248609046258048,70.25766303016547,0.029978689,10.99439690016806,20.326483726131126,0.035580423,571.2828,92.00863,91.37520820343704,-10.77774524346995,13.846414,-0.3913021,0.26993138,51.342022,20,1.1069541,186.51008475052305,-22.566785733347924
3306016372760404992,66.1838628217439,0.0213206,10.77199736532266,20.47144649891011,0.02506536,816.7226,103.436485,102.92424133416888,-10.281400058163516,12.969965,2.4588194,0.103052825,8.30927,16,1.0844646,184.09048285410236,-25.911643243394117
3411031385460853248,70.6266761410155,0.020881573,20.45300678555645,20.476050830053644,0.021684114,944.2881,97.45201,89.80926126025199,-37.83108453264123,12.145561,2.5452776,0.13475686,29.864473,16,1.19598,178.71986867164435,-16.58404963077743
3409480318150949248,71.18277400779577,0.104637615,18.408079213384333,20.54437367664026,0.111013204,185.06244,96.832794,91.04631264091016,-32.97210157368121,13.635109,2.9869432,0.78671813,451.7778,17,6.493223,180.7449869739322,-17.42456481938937
3311229745799686912,65.75678797400016,0.033150133,15.228121233684698,20.706527940234576,0.036348913,569.66016,109.18311,107.43366431136246,-19.466892830338374,15.144566,3.082655,0.09242015,1.594172,14,1.0752293,179.96199416231303,-23.46945802681805
3312281634829711488,64.55462493665708,0.025806265,16.098024004388698,20.725496302360657,0.029271381,708.04645,109.89051,107.2614855943022,-23.893462096674515,14.750199,3.0744343,0.10460047,2.995067,16,1.1234928,178.4238695167367,-23.80268405930593
47813504381625088,64.35533003429076,0.01906157,19.029775860591062,20.89852976070232,0.022057392,947.4615,116.59308,112.7095032886203,-29.841473775204143,10.348098,1.4703646,0.116261326,15.869813,16,1.132101,175.87854537449542,-22.03187071821525
3404798597640071296,72.76054145781335,0.35783592,14.971194428416442,21.09312454746806,0.39078805,53.97587,94.874146,91.67669179018684,-24.423091655680118,10.98731,1.871623,2.879705,14581.153,17,20.36813,184.589606910971,-18.26294530133448
3312783561888068352,66.40598637273915,0.44777212,15.94090753969732,21.10764322783181,0.4963361,42.526913,106.18896,102.95013743101792,-26.0262116770142,6.341617,0.64434147,3.7149749,31069.645,18,23.987513,179.79211784722816,-22.534233098097456
3305524242524308352,61.644817597776,0.20718056,13.549048763974358,21.448501108200787,0.23169267,92.57307,115.48506,114.59047115957908,-14.346548249312836,12.427655,2.2714405,1.572317,3407.214,14,11.873783,178.54027513139465,-27.59706891643305
146989143968434688,71.79108920329166,0.01897454,24.019811673334868,21.61611775507757,0.02172159,995.14435,106.18,92.18788556468284,-52.68383222508415,11.510047,1.964818,0.11946666,21.818115,17,1.059193,176.51338248952425,-13.527174978252225
3305860933598991104,67.8154958252843,0.15786895,10.703330766016288,21.61705731519776,0.19431859,111.24544,105.007095,104.53162699235996,-9.981458849004817,17.599026,4.058836,0.35976887,2.885793,12,0.988842,185.2202000589956,-24.67418478815292
3406380176397987200,71.70648340477726,0.11678967,17.748190031190475,21.663906317446088,0.12984617,166.84285,94.91357,89.22332922946438,-32.369473663128694,9.30183,1.188715,0.9907051,1273.7245,17,5.9752984,181.6113716486643,-17.427608967358466
3313662896313355008,66.11855100326646,0.03165041,16.886053964801455,21.781982400489085,0.034885153,624.3912,115.24168,112.37591155236862,-25.540146749299083,7.6696334,0.7718458,0.22034714,44.65262,17,0.9669478,178.81343289609683,-22.14706766440818
47752481485851136,65.1051418046824,0.028757824,18.74248853643707,21.794230173638944,0.030968318,703.7589,125.04417,117.29271215734462,-43.34123943938491,6.014479,0.5179033,0.21278903,78.47156,16,1.172725,176.6138782279793,-21.68533625692396
3410409886514680064,69.01782417867581,0.10628563,18.888423253705223,20.245579145723223,0.12465575,162.41191,87.07228,84.23754529734872,-22.03673836601861,12.484824,2.47365,0.7956773,1083.2343,15,6.511168,179.01667404809666,-18.74341343201656
3310903740601986432,66.94644176768678,0.013893217,14.417664583381969,20.35256529381705,0.01585619,1283.5723,102.36692,100.55014107182478,-19.20040671441904,9.218413,1.0889225,0.071977146,10.514555,17,1.027065,181.43446300849763,-23.082316352777603
3410787568757738752,68.9671735616801,0.17183866,19.795694154412686,20.525269241236483,0.20028292,102.48138,102.98429,95.4108290440268,-38.762576200361416,13.837223,2.9557772,1.5239903,1560.8043,18,11.550673,178.2397508894481,-18.211951051579167
145226970426193280,68.80537744580039,0.15821958,22.988809423385064,20.723091935199797,0.1666228,124.37128,106.3037,97.80118559758746,-41.65819481424504,14.423778,3.2254057,1.1011385,414.78946,16,6.205781,175.55509996951406,-16.30236630202977
48061409893621248,67.1555527872302,0.034929655,19.74051990049017,20.81034364418756,0.03905018,532.9129,109.733505,102.9064061335923,-38.10135516086813,8.441752,0.89888763,0.25593156,52.043022,18,1.6440603,177.14034105162426,-19.563837984727623
3304412601908736512,63.61408308649261,0.026633443,12.435256533217302,21.0556560695836,0.032478068,648.30383,115.476074,114.7307597892001,-13.098735856191263,7.8848915,0.7950406,0.12816215,8.56576,13,1.0200107,180.88938560846933,-26.849334280428238
145168558871003776,69.27173075653609,0.110272266,22.85712173500254,21.05986050557147,0.1256771,167.5712,107.37564,96.80446177731169,-46.45883820174364,17.316448,4.0014935,0.35092628,2.5137477,15,0.9884779,175.94608851032638,-16.055727975114173
47345009348203392,64.78389360834417,0.02572091,17.524630513050628,21.390700254048006,0.026578559,804.81036,116.50304,113.12486444102618,-27.85180674507326,8.279239,0.8785043,0.12932277,9.133124,14,0.9394181,177.39645520483873,-22.710709475975708
45567511362945152,61.93056278228586,0.015665954,16.51867914556769,21.59088818952663,0.017761739,1215.5841,124.82543,122.30377721103991,-24.96347377048117,9.604419,1.2108908,0.08405394,6.9904175,16,1.0342455,176.25543551525226,-25.425544919887116
3313689422030650496,66.6676726168485,0.030376356,16.74677258632566,21.85212884110757,0.03444133,634.474,112.001755,107.47186617521814,-31.53080384333542,7.950683,0.81960154,0.16907054,27.322378,16,1.191092,179.2897764353929,-21.8298878218198
3406352826045301632,71.61354566514336,0.14547794,17.626471236854233,21.85460530435128,0.15849492,137.88837,99.398285,93.82506254812742,-32.81579151047897,14.570421,3.0371037,1.2134663,541.7704,18,6.1805058,181.65731801091755,-17.571606872327564
49729231594420096,60.20380195133232,0.035421666,18.19387756746013,21.85669141594702,0.042020794,520.1399,133.22171,130.27507482032178,-27.86443910589072,5.804048,0.44740105,0.22818287,89.72766,14,1.015157,173.65392483039014,-25.50090753254629
3312628358950130176,67.66251575060892,0.063453026,15.691769659062851,21.86843191355519,0.070041776,312.21985,106.31518,103.48821587457375,-24.353763331160515,5.4175873,0.32913733,0.45856786,358.75427,17,1.1170361,180.8199824968557,-21.74858980684925
3309420014084185600,68.4696324759209,0.034176428,14.850761740625993,21.94460899596352,0.038933992,563.6362,105.01161,101.81615258036,-25.70815437780425,15.195518,3.1247358,0.14063022,3.7466304,18,1.1336387,182.04942188600887,-21.655364590458493
3306922958753764992,66.94247703953242,0.017535737,11.736363784648624,22.151685825715028,0.020549797,1077.9517,110.75053,110.05162568142823,-12.422514774076658,7.3707113,0.7133622,0.10772307,9.538147,17,0.9077239,183.74469780641132,-24.73441071968737
3310500082395427200,63.7169232554222,0.04049642,13.054855338582076,22.294688088545765,0.045448437,490.54907,114.88888,112.75112138609474,-22.059896989915025,10.232033,1.4961023,0.36649343,167.31828,16,2.4027092,180.42609787746167,-26.3777382774564
3312837025641272320,67.69551967147464,0.02257706,16.148532608296946,22.452802624244807,0.025360918,885.3309,118.82967,114.04477575771098,-33.38083251325954,6.406904,0.5842619,0.15488543,34.242596,17,1.0014025,180.4569284498503,-21.439260814463783
3306421753248761984,69.11577876378989,0.17564635,11.856683086919585,22.63970463772677,0.220503,102.673,101.72898,101.32268349179591,-9.082894317346572,18.360128,4.020073,0.9579661,8.448879,19,0.96095747,185.03925120426427,-22.962809694467182
3306856541379219456,65.60756954085089,0.21345808,11.305663743683306,22.70005263891222,0.24715331,91.84604,114.484276,113.95375057479764,-11.008751770472308,9.358516,1.431427,1.8546894,4005.939,16,14.270141,183.23599427808168,-26.03255301852177
3295377360811741184,74.69069979931963,0.79605055,12.209450823408815,22.72790497943969,0.878914,25.859077,90.33384,88.63223083410145,-17.450792340668183,20.345764,2.8003826,2.070449,1.807258,13,1.0989586,188.10546201347728,-18.31251577776164
3313207698500079360,69.63189917287164,0.017340915,17.04055509824066,22.85331654281413,0.020877853,1094.6201,110.786476,106.24672866768168,-31.389098407894696,13.618415,2.808816,0.08970802,7.276198,18,1.2659032,180.93459854946576,-19.42953644406357
49968306654050944,58.98887225768766,0.017071763,18.432146391229274,22.85518383898429,0.01826501,1251.3097,140.1628,136.73872500331092,-30.79173209582898,13.001957,2.5698195,0.11259586,13.322636,17,1.2765797,172.5740742222697,-26.16608328567253
3309006602007842048,71.62700947833584,0.07503961,15.471931785895292,20.500601458263425,0.0819142,250.2692,90.93148,87.32567613872013,-25.352727232571336,8.138844,0.8205805,0.58763224,270.04025,19,3.2997699,183.48253407835404,-18.850809716007607
3409827214070099840,72.14622781644172,0.026190294,18.72890279706403,20.551587784263443,0.030124094,682.2309,93.953964,87.27695408230191,-34.786222840829815,14.713162,3.0733747,0.09968686,3.3397117,19,1.0874426,181.0560677840339,-16.503419345634168
3295174363477640704,75.08112915512642,0.1344905,12.12608898873613,20.625656055459263,0.16071956,128.3332,100.07762,98.58248751507746,-17.2343620075334,17.852879,4.2937183,0.3420154,1.276296,16,0.9742124,188.4037163163975,-18.043602395649803
3292227607891547264,69.77608805537724,0.060153015,7.870986341030237,20.63072383367189,0.091687545,225.0112,94.83067,94.83053442527412,-0.1615898701897752,5.3237796,0.3391986,0.4972546,475.16824,16,1.0437951,188.99514012282697,-24.758061863737
3313714023603261568,67.16468609875307,0.029965306,16.969906003224942,20.707493378225784,0.033891197,610.99915,106.00871,102.49011854574022,-27.08546350145112,14.05441,-0.33930874,0.21914268,26.851698,18,1.0559669,179.42721955758756,-21.320281269041335
3310178784482082816,64.67653033004555,0.021714956,12.510638445649487,20.74999895456128,0.023574201,880.19946,110.697975,110.03357949625426,-12.110017411549151,14.114566,2.9399395,0.11006796,5.1887975,16,1.2902544,181.55555094783185,-25.99731607334563
145674574739951872,66.34285323849276,0.12950589,22.29367359328652,20.91185281250576,0.157056,133.14902,113.42138,104.35453085558618,-44.435815183648266,4.167236,0.22083235,1.0030557,1982.8856,16,1.1911019,174.56523149890305,-18.483243864338306
149327461604162688,66.76358969231461,0.024204737,24.10416450594337,21.185878117312757,0.027633581,766.67145,115.11957,104.7327978184749,-47.78656317905104,14.591046,3.0560608,0.106865056,4.900832,17,1.1376319,173.40086923032356,-17.00079392623377
3313751441358252160,66.57982992496277,0.054469276,17.05047474838996,21.204050746536424,0.06137174,345.50186,105.6978,101.85154123967044,-28.253993605040456,16.338469,3.5770655,0.18864867,2.6085405,18,1.0596411,178.97958499133802,-21.70217219829861
3307504222447587584,68.10736950520888,0.017507046,13.113150564848766,21.33021990255656,0.020638045,1033.5387,106.05648,104.4183193016359,-18.568574281999176,10.519593,1.6842756,0.10948105,18.924847,16,1.2273793,183.30574353013867,-22.99415168898695
3312846371490133504,67.51789320736421,0.072499976,16.06860426033561,21.387746214507576,0.08663524,246.87122,110.05449,94.67902202409914,-56.10590490928818,16.552427,3.7530613,0.26976228,4.134841,17,1.0225025,180.4095556451877,-21.62247892892491
46975436002187136,62.67708099718692,0.022889849,18.423116547059568,21.412299104141248,0.02434263,879.62146,125.31507,121.42944939639628,-30.96376816159961,6.5024347,0.55978537,0.12769875,17.0267,13,0.86649096,175.2231016830432,-23.622243509061505
3314109916508904064,67.20174925382867,0.01972905,17.285341899758865,21.5489076022758,0.022407819,961.6691,112.34102,108.67985266985404,-28.446330982590844,7.7025585,0.7695646,0.12079779,11.542239,19,0.99831164,179.1888252970733,-21.093655346955146
3392546632197477248,75.55638844545861,0.29808322,14.710114072079396,21.7459171405064,0.33910066,64.12821,78.39996,73.98223222882817,-25.9457903756425,18.898937,4.3501472,1.2812079,4.8868117,16,1.1101589,186.4435572360152,-16.20454012445359
145664777917536512,66.03147802349007,0.014793432,22.118672707891832,21.97239358755164,0.016493019,1332.2239,118.95103,110.55785272690656,-43.889716888500814,10.500138,1.5751286,0.07298177,7.8210473,17,1.0518627,174.5043083342097,-18.815506916148472
3310814886318365568,66.13187780097878,0.033315126,13.928549141036688,21.993423194312864,0.039120864,562.19165,114.53426,113.07056240121685,-18.252254939822112,15.081756,3.1072779,0.16400898,5.415988,16,1.2444993,181.3150460650429,-24.004801649692563
3311810043124387712,63.46885198450028,0.114698455,15.36495687120656,22.2959209162106,0.11555437,192.94745,122.33084,119.15064085645162,-27.7120908074048,14.314616,2.9728355,0.69185126,160.47333,11,1.1904306,178.29263710562842,-25.073641788514127
3295377880503113216,74.76339168430074,0.028329602,12.262400542343777,22.44628848913832,0.031041253,723.1116,88.24885,86.26740002504683,-18.595565233818192,15.046155,3.1978989,0.101418026,2.1180925,17,1.0760312,188.1014900242168,-18.223993426448047
147586247500686336,68.34964551576856,0.4135973,23.990567559283637,22.93807478028544,0.45966974,49.901207,111.51519,104.81498110302849,-38.07174541271763,12.281707,2.388587,2.8538659,7652.531,16,7.6260633,174.47679103456952,-15.97783967433203
3410118477275889024,71.51173180643754,0.073348284,19.46816920634623,20.113745166945517,0.081322856,247.33202,92.36139,85.1733272274157,-35.7229737604877,16.80169,3.7396898,0.11267121,0.5870262,18,0.89521325,180.06371599030695,-16.53234275939969
49131681384221184,65.43537023809772,0.10229332,20.402754686332496,20.282688061310395,0.11537205,175.80244,109.35806,104.08247386373684,-33.55629455480451,17.242485,3.9258785,0.5892702,10.440867,17,1.0050027,175.48833261285057,-20.362625774750672
149476479789791488,65.47176262966968,0.05537184,24.240285426676486,20.28463296262879,0.063989155,317.00113,115.222595,105.14956896704268,-47.114907611570985,13.641221,2.9549856,0.39246368,106.209595,16,3.466096,172.47366745729667,-17.79115859126384
3304849176745102080,60.29641649002439,0.020002887,12.098370014663557,20.670897672407094,0.021269387,971.8615,89.390625,89.38949633438797,0.4492702139200054,11.32913,1.800828,0.13769358,29.616909,15,1.1256096,178.80377002802894,-29.54114536725608
3406734906335151872,72.70776430328488,0.053391453,18.14103541817889,21.38600220491297,0.057168733,374.08563,95.46276,88.68578121984478,-35.32663088281443,16.368626,3.568757,0.15874705,1.8901055,19,1.0301554,181.87975193402397,-16.429712264563772
3311148828615843328,65.88522390284595,0.016704462,14.67039844789645,21.47606756520902,0.018978797,1131.5822,110.7064,109.24196419712032,-17.947133876529186,8.887173,1.0133181,0.07530044,7.1092863,14,0.9755319,180.51935520126224,-23.725550547893505
52798209065854848,63.197912787518135,0.2908005,22.390667138371487,21.811496339922304,0.3214358,67.85646,129.05348,121.7464575401594,-42.808906439582486,14.442423,3.0595303,2.4607985,2099.5789,17,18.382572,172.42355954914927,-20.5801740456735
3313606340183243136,65.98260314349544,0.030075554,16.354077059105514,22.088260260658192,0.032218892,685.5686,117.931274,114.60982694374128,-27.79161336804319,14.329463,-0.25275135,0.2076404,19.891562,17,1.1103308,179.16689748328707,-22.586526935801555
3304096595394580608,64.04579641854981,0.04786304,11.533700148804412,22.155187173749795,0.05399155,410.3455,117.91859,117.3807408578851,-11.249655875651674,15.822491,3.3786077,0.2348709,5.242635,15,1.1517107,181.97311719513053,-27.090673526470542
3312960205303089664,67.48275769215242,0.015761543,16.913911822491304,22.72646779815639,0.017441224,1303.0317,114.13789,109.78026960512184,-31.23702514412812,11.965812,2.199377,0.108181305,19.597422,19,1.2046871,179.67939161220124,-21.119149338101337
3314063908819076352,66.35479242496689,0.016006576,17.91521008711174,21.447339313427232,0.017244447,1243.7244,114.0139,109.61815254023466,-31.353316361727813,10.60706,1.5973215,0.06779703,6.8375497,16,1.0993385,178.11666117768206,-21.31576995791753
3314079508140198528,66.07110065917192,0.013575929,18.00278420332121,21.496896698223075,0.014711817,1461.1993,115.07555,110.9135626017914,-30.66859095747958,9.650242,1.2481861,0.06935869,8.156504,17,1.0220522,177.8585238929685,-21.466529454432266
3309967059774839808,69.1701171674695,0.028010622,15.869204695827204,21.607898747664954,0.034783777,621.20624,105.4749,99.90459107635893,-33.823473739301406,6.5345774,0.5849438,0.21891686,57.80838,19,1.2725254,181.63022794937075,-20.497577356661328
49324572659092992,64.2360793916038,0.13306096,20.876563189284862,21.73044866504696,0.15253635,142.4608,125.79788,119.73868657307236,-38.57141950830933,17.729204,4.2275124,0.43456838,2.8228815,16,0.9794646,174.31469291387256,-20.889489897988074
53725750202606208,62.16788238864409,0.041948732,23.55712619668823,21.742827135612444,0.04796531,453.30316,130.40474,123.39914086025011,-42.166920825578174,12.554228,2.4401073,0.27878058,74.191124,15,1.0887728,170.82294951548872,-20.466714066519128
38354680725946240,58.75660281000282,0.014408209,12.48554075907131,21.77744563055385,0.016434181,1325.1311,131.57434,131.17406424290564,-10.255282530117126,9.769129,1.2863073,0.09707978,14.396245,18,1.2162788,177.31565171401758,-30.408218291722264
3312613000147191680,67.93658293586253,0.018931303,15.630149907181586,21.928109289904448,0.021251561,1031.8352,109.68564,104.99937028732845,-31.718638053931382,13.436778,2.7022161,0.07544066,4.1061068,19,1.2680652,181.04826700065607,-21.579992992906863
47019347749289216,61.415911881822005,0.017424652,17.937590072728447,21.953883088547247,0.018208072,1205.7227,131.2291,128.35318981625193,-27.322745774321383,9.03908,1.0493813,0.094275996,12.342324,16,1.0556073,174.73062524715465,-24.834576329555148
3408504261063819520,73.68421274980275,0.019146599,19.680719019913923,22.03397406045333,0.020923588,1053.0686,97.51307,88.69135486654318,-40.52953172397963,12.830068,2.4864779,0.120297566,19.247713,17,1.1267653,181.16780911519552,-14.770287751251834
3314150048683152896,67.87161425364759,0.02002257,17.718518754515433,22.235741889084355,0.022544263,986.3149,109.49985,104.71801159828372,-32.00552823368455,11.184438,1.8785868,0.16325045,43.4338,18,1.1826293,179.2598418982604,-20.3246546111828
3410529355323453312,70.05342325459208,0.019687627,19.2859181895273,22.268220734433715,0.022097234,1007.7379,106.541885,98.68373842786642,-40.15836005393951,12.552542,2.3746452,0.11958637,17.274214,17,1.2172375,179.32995931291617,-17.729882524700017
3307717596422556928,66.4657421464766,0.017019993,13.502584738819609,22.739119775786293,0.019374017,1173.6915,114.9898,113.38304331107248,-19.155673748306107,13.912734,2.7894402,0.064857535,2.2183633,16,1.177181,181.90102138332992,-24.01616153016869
146712303261194624,70.04626127763612,0.09316378,23.420438935989637,20.04024061578082,0.10499906,190.86115,101.240845,90.27292881606306,-45.83129601719615,17.08553,3.8768234,0.36636338,3.6024282,16,1.0506284,175.9628209610512,-15.14780615214111
3308433069254919424,70.55226837461355,0.025904704,14.147501012619594,20.093219300579644,0.032163203,624.7269,90.57913,88.04415314083236,-21.27923758759796,15.006906,3.0558996,0.091105804,2.3358076,19,1.1021504,183.9557988493096,-20.47409482541665
3313527106627449088,66.11822759101871,0.21656737,15.88417682534391,20.427173906644025,0.25154158,81.20795,101.84018,97.93689390469106,-27.924670732472297,13.778803,2.7745047,1.655911,1857.497,13,6.0959554,179.6499440112112,-22.78440457952853
3392664627834274688,74.49115621734242,0.023627663,14.45189798785836,20.61019442733577,0.0270991,760.549,82.502716,78.78936510641863,-24.47312983808204,14.371617,2.9334373,0.117310755,4.8611517,17,1.1845627,186.05159192431847,-17.198789867707383
3405297324946333440,74.79342198610871,0.022477267,16.07151210536761,20.749106987616347,0.024217086,856.7962,83.399025,72.59468477969725,-41.05373800285782,9.731515,1.2043171,0.10941295,12.7513,15,1.1239222,184.84317712338557,-16.02945048464626
50298125783225088,61.35753568748664,0.020530613,19.44200665087869,21.198268225584627,0.023146871,915.8157,126.30221,122.02644919286638,-32.58516730288186,10.836196,1.6597319,0.13709049,29.416164,17,1.3560333,173.4806678748099,-23.849974363809967
3310104945406638464,70.10656145621284,0.16222382,16.513605313921754,21.21604369770696,0.2130276,99.59293,102.27519,100.71026479181364,-17.822953849404833,9.279742,1.3636322,1.5816044,3695.8315,19,8.736815,181.6713048018062,-19.391914230590103
3312644885984344704,68.24817726690902,0.017785963,15.818854771000632,21.35731378098158,0.019992784,1068.2511,103.55771,100.37574321605688,-25.47369149898669,8.475605,0.9044514,0.095502906,8.591357,19,0.96138,181.08857129841567,-21.227627771585727
3307782570688378496,67.65616639413629,0.07035203,13.72431676410995,21.491451797641616,0.073748454,291.41562,108.28961,106.56507793489249,-19.248993711890343,5.3405814,0.36794996,0.47244862,419.51135,15,0.9745147,182.48891684029232,-22.968747378259863
3309568143211890048,68.86895204897276,0.086112835,15.399151275857331,21.71718631525121,0.1024237,212.03284,104.100075,98.40024767636912,-33.97375567713968,14.505741,3.1322365,0.62147576,137.18817,17,3.8345566,181.83766717515132,-21.01471996596381
3312652513846244096,68.20929931916466,0.25724578,16.00568312875324,21.986514300716408,0.295252,74.46695,105.280365,101.05427327696728,-29.529461832054025,8.728549,1.086051,2.3770065,6550.4043,19,16.327187,180.90638344389143,-21.14134392463245
3314213025787054592,67.38219601870492,0.014582168,17.89303687476587,22.00647700341757,0.01661287,1324.6644,112.585655,107.65175197214356,-32.96408044400983,8.7407255,0.9833555,0.06337946,4.9601808,18,0.9210177,178.80156991479384,-20.57607771177727
3287450745264292864,66.40562804145627,0.056132045,8.591355844852567,22.61907055195553,0.066409476,340.60004,112.61531,112.61499000772233,0.2689988257774989,15.941398,3.7690344,0.3622356,10.638856,17,1.1410502,186.18326260568628,-27.049321232325703
146740207663868032,69.12192707014619,0.10725682,23.34062116551096,22.947891569430304,0.12339541,185.97038,108.6899,96.97464907710922,-49.08577114079784,5.919667,0.53674936,0.7430922,637.468,15,3.4349778,175.46729565744016,-15.853645320119744
49365087086285184,63.9273412343676,0.03795336,20.819641218239195,20.270849788207933,0.04364708,464.42627,114.997215,109.44958761747506,-35.286636087074896,7.650983,0.86707926,0.29895955,51.93906,17,1.825917,174.15323639315844,-21.14201874360308
3308957845537774976,71.38816992918579,0.14367217,15.050622832998393,20.34993783395049,0.17036079,119.452,87.95235,84.68394037466844,-23.753854832543663,18.10621,4.133625,0.8486199,8.661735,20,1.1035104,183.69609544706836,-19.286530612748138
3311514210073309056,63.60737116437495,0.020924838,14.624971001435416,20.37607494359422,0.02300196,885.8408,108.71961,107.84642683790034,-13.751424929802884,8.303924,0.8634658,0.119098105,9.637452,15,0.9563937,179.01150870439866,-25.451570216173156
47959705067457152,66.12800628155945,0.29108578,18.98678698271073,20.49866479939148,0.31956834,64.14485,119.0566,111.01913912861905,-43.00262897671094,14.982163,3.2060423,2.741757,2006.2919,16,10.618676,177.08942456387965,-20.790861221605613
145293181643038208,66.58045411387285,0.032519184,21.468743547714656,20.73851328551254,0.034980223,592.86395,112.73473,105.14685435985736,-40.66028703373777,15.070739,3.0800104,0.1317302,4.150646,18,1.1262136,175.3759547752093,-18.856346344419787
3313842529024545664,65.85493019594335,0.06820016,16.777147465731876,20.79504603398395,0.07085363,293.49304,110.14403,106.9709172238661,-26.24746920701244,5.573977,0.40038252,0.42852557,354.8681,13,1.2823561,178.7298041249829,-22.41077412379825
52640154268714496,62.6567580129737,0.055076566,21.60249726909654,20.892283396147388,0.059335656,352.10333,122.16544,115.19239408765912,-40.68301842682513,16.29227,3.521925,0.17836098,2.0057807,15,1.0036745,172.67424045356543,-21.48473239592925
47965443143743488,66.23851281426906,0.20368806,19.04185483625785,21.338379524598544,0.23165676,92.11205,108.09178,102.36768706396188,-34.70863371403945,5.881098,0.53017616,1.6423553,4042.1248,16,6.943238,177.1166668719979,-20.67554090523756
145727729255780736,66.57745017375387,0.14564918,22.813375430212517,21.74857378818941,0.16727245,130.01886,117.388626,107.9496006092343,-46.1191144632254,4.228601,0.40032077,1.0875051,2304.224,16,2.5510583,174.30233031857935,-17.978588256513166
3312899491645515776,67.37958519537817,0.018429428,16.244692315734465,21.81806190139089,0.020506015,1063.9835,106.567375,104.46346593636034,-21.071062521463688,9.932404,1.3727016,0.09821595,16.86887,17,1.2348258,180.17238840481787,-21.61599264096997
47715063730746880,64.64158211986751,0.03415353,18.36458359057584,21.82099846468514,0.03812726,572.3201,121.02928,116.93174979094714,-31.225844936308956,14.589073,3.028245,0.119442046,3.6950138,14,1.1971184,176.61214822159312,-22.264939364135166
3312951748510907648,67.49102855410932,0.014770171,16.67271469531208,21.918833298371936,0.016625928,1318.3525,110.45465,106.76090585888043,-28.325579500310205,8.859189,1.0197,0.08524013,11.136184,18,0.96152544,179.88607200681778,-21.26442164826846
3312281669189449472,64.5808484916205,0.013307769,16.08822764431631,22.242729901750533,0.015430937,1441.4375,121.07261,118.80159677568072,-23.34002380212081,9.294652,1.1461821,0.07666324,7.922802,16,1.0427548,178.44982924090152,-23.789776391179554
3310857011357831936,66.85088845612013,0.021648139,14.11857201972296,22.33738497873375,0.023417866,953.86084,110.05534,108.56474654944674,-18.051971998953,14.462616,2.9582796,0.075032026,2.7908578,17,1.0941074,181.6269729276353,-23.340635774871675
3311804515502788352,63.27395214948896,0.028861228,15.247700118856342,22.357247280357765,0.03077869,726.3872,123.85464,122.44950869749096,-18.603451879024888,14.355454,2.9613495,0.13466012,6.443741,14,1.3029861,178.25572913721902,-25.292667953439945
3409959567782077184,72.36834652489277,0.030220993,19.27721717738993,20.109268448975453,0.032018635,628.0489,90.73922,82.78012364307611,-37.16257922484627,15.065078,3.104148,0.092099555,2.0556571,18,1.0459573,180.7321902791164,-16.005346878788828
3308470968047333248,71.81617551960636,0.039608505,13.556654821250085,20.295380734900935,0.047843296,424.20532,90.17445,88.41038601554597,-17.74925416816179,16.124704,3.389986,0.18439935,3.845437,20,1.0628539,185.23589560947536,-19.83310084651121
3405338148611960448,74.6593711022715,0.04380874,16.222265039884807,20.29958169549481,0.053297468,380.8733,83.52413,78.30722611496202,-29.056142499388507,15.291421,3.3345451,0.18349077,5.034275,15,1.0913674,184.6377548898771,-16.047592055961353
3308470968047333120,71.81605640813136,0.04084038,13.557266246592109,20.31316224402041,0.048997357,414.5767,87.58067,85.82616821671253,-17.442563448174894,16.152334,3.1812553,0.1863905,3.886338,20,1.0436829,185.23529665230063,-19.8328366590183
3312882483575093760,67.79637749253605,0.017736772,16.39576252180493,20.316503143723228,0.01986722,1022.61426,101.84244,98.79967538236876,-24.70843360310259,13.791429,2.7550125,0.039056793,0.94406223,18,1.1519803,180.3143512482455,-21.209355999048025
48455894049191424,63.624805023608,0.05851649,18.729881346946023,20.68037659924827,0.062000703,333.55066,114.26591,110.10127993494416,-30.568057865234003,13.204377,2.7620544,0.41104078,138.05705,15,3.769246,175.62664637672552,-22.748444109251427
45293526808851200,62.8657374648808,0.01612419,15.992064812308127,20.97584775262172,0.017986475,1166.2012,119.17418,117.53594288776333,-19.69232140919028,13.776278,2.8223944,0.021245563,0.25513774,16,1.1304576,177.34947915122714,-25.10237518181436
3314063977537054208,66.3729376285106,0.12076159,17.927768735352878,21.086509524006694,0.13814656,152.63867,111.70367,107.31597291846634,-30.999864147519936,4.295662,0.08517885,0.8608936,1309.2738,14,1.0475206,178.11817888311813,-21.294467541053464
53942250914697472,62.1514586147869,0.018493718,23.768418750646735,21.101376976449195,0.017259339,1222.6063,127.29207,119.73831500044189,-43.1972981480758,9.199288,1.0837736,0.06376213,4.0968237,15,0.9663456,170.64952815649855,-20.33088455658579
45198178534988672,62.49039974488908,0.03760913,15.416883616520485,21.226790158930136,0.04107401,516.7937,120.5207,118.52269589876772,-21.85428299885201,14.58098,3.1423988,0.21425608,11.412656,15,1.5162789,177.56566804790037,-25.752966082483944
3313173957237081984,69.38447123432836,0.11147734,16.758565709467636,21.28243624077011,0.12009496,177.2134,103.70058,99.74091391478244,-28.382371806868484,14.52253,3.167117,0.7789383,234.93939,16,1.293994,181.0164984430055,-19.7895545355102
3312520946111619072,67.30193646682095,0.020613704,15.273804206793624,21.451662078172305,0.022586402,949.7601,105.64369,103.30019069611257,-22.12825385808798,11.554099,1.9621143,0.15296116,45.439148,18,1.3198472,180.93959121555423,-22.280708792886784
47620265212420096,64.5081856084335,0.039607715,18.256665555666448,21.56979276213544,0.042027123,513.23505,117.55888,113.30798483455612,-31.32716999435684,7.3715596,0.8417783,0.257281,46.0441,14,1.9355534,176.61054507295526,-22.431319540740823
45845378567048320,64.0065961553584,0.0197377,16.98296420388861,21.62212179497498,0.020969896,1031.1029,121.147606,117.38951560114694,-29.94066189010253,13.75481,2.825718,0.08299824,3.8944228,16,1.2179997,177.3163818688423,-23.626687221420426
45404199528067200,61.04541973138568,0.06303936,15.806009963376626,22.02669697527581,0.06933186,317.6995,128.36536,126.87052589408452,-19.532899157035992,16.279293,3.6208982,0.3145397,8.812953,16,1.1325415,176.21143029856958,-26.534188594321737
38929141191925760,60.18788343489715,0.17277983,13.906261435698088,22.207221277727587,0.1871563,118.65601,130.00615,129.1616867319085,-14.793878260018896,13.338667,2.9850235,1.5444818,1914.4037,17,14.231843,177.17617745948036,-28.42192098286897
3309611539560293632,70.43860346949731,0.3404931,14.899404014685777,22.296864388952425,0.43021664,51.82706,101.50818,99.01628010501656,-22.35365471376967,19.513607,2.9612694,1.6558475,4.92721,19,1.0938284,183.24311428023609,-20.112645326137784
46498282316394496,59.924858160700616,0.048478063,16.941086796458336,22.51244857387524,0.053170074,423.40448,138.52257,128.3850670182315,-52.01708683170595,15.947894,3.2364473,0.26088667,7.1008234,18,1.2159941,174.46394525947915,-26.55467976027885
149338937755074560,67.0160684236367,0.6173452,24.40196852496281,20.19454834924024,0.6974405,28.955229,99.235916,90.792142453849,-40.05687563474116,16.068594,3.457778,4.083995,1607.0242,14,13.132117,173.32515545005592,-16.631437745097305
3314024566919613952,65.73422490902678,0.21608911,17.542390757517502,20.30919733178576,0.22764926,89.21267,109.76267,106.21194808573482,-27.692344422611363,3.516044,1.1873329,1.4195861,4908.525,13,4.0682683,178.01583278659234,-22.008305642633665
3311102820926310784,65.39669553192954,0.025916023,14.695153868168015,20.326692831232425,0.029045576,699.8206,108.3091,106.49657261059144,-19.73171837672036,14.278773,2.862668,0.10516127,3.9320302,16,1.3977338,180.17183151644423,-24.07625370134987
3313579505227558528,66.31936239676666,0.030904876,16.3022336834695,21.250239265348167,0.033601098,632.42694,111.5834,108.55029876049758,-25.83963038411747,14.998649,3.057806,0.105209045,3.2314339,17,1.0922943,179.4324623284737,-22.36992693483212
45788547559850496,64.41279837486526,0.05839067,16.94772397450725,21.440406410424067,0.06723819,318.87247,115.27066,112.78276806267964,-23.819577109751293,8.107573,0.96019936,0.42375794,90.51687,15,2.3588305,177.6218843955523,-23.355226505747257
3305871825637254912,67.73868055535941,0.026397824,10.751718973253958,21.50235325035909,0.029887693,719.43835,103.42839,102.86729657313283,-10.75874061348103,6.921069,0.6236849,0.17101131,41.87472,16,1.2400993,185.1278459005593,-24.7057515927346
3312052249215275904,64.94888616843296,0.1567039,15.62753819285276,21.664548744839895,0.183109,118.31504,118.57247,116.24694786142688,-23.368325290143204,3.4027567,1.2049625,1.0737814,1463.6973,14,6.959422,179.08424631004542,-23.815162546709796
3313665885609887744,66.77717673131863,0.061882727,16.430092002554506,21.66732573514696,0.06976445,310.5783,110.41478,107.56779251043268,-24.91171284914873,16.533167,3.7260933,0.26902676,4.7062187,18,1.0054116,179.6256684097536,-21.948877426483072
3310569798304869888,64.69651758804221,0.021412354,13.366232103250711,21.71107339531789,0.023010239,943.5397,117.60278,116.31953265189988,-17.325722095813084,11.273949,1.8796577,0.16083132,39.705673,16,1.2397858,180.8316278347887,-25.443183887566416
3291312951656888320,73.65783723269205,0.019591104,9.409052575511978,21.790936076305865,0.023778684,916.4063,83.37372,82.95944058231093,-8.301109148725672,14.629339,3.0287075,0.0670966,1.9474598,19,1.0650185,189.96412721746876,-20.72143393575966
45159901786885632,61.755680961496566,0.015764592,15.334941426173367,22.22862392233613,0.017393649,1277.9736,126.18647,124.62563850797356,-19.785723427617143,10.051599,1.4111423,0.09646577,11.564159,16,0.983135,177.11310380100886,-26.338842228172066
65502206932420224,59.86151989100853,0.02724514,23.38525105549749,22.64691270930965,0.029206304,775.4118,140.35689,133.32751757462492,-43.86146886856102,14.649438,3.0661526,0.13371195,5.9064355,18,1.2022967,169.35876992505283,-22.092650161845512
51383893515451392,59.80698463008898,0.02022466,20.42804405661144,22.84304285895556,0.021959197,1040.2495,140.23196,135.33742917082168,-36.7257965306035,12.558389,2.3685064,0.16802028,40.047207,18,1.5592952,171.59633919903365,-24.21771733023492
3312564037520033792,67.96911967367434,0.0146516,15.49937349658422,21.871807832755163,0.015987119,1368.0894,108.11744,105.36486514556807,-24.24098903749085,10.49808,1.5730047,0.0891709,12.513073,19,1.097665,181.1795747622053,-21.63639666445984
53725750200743040,62.16815352932989,0.039636042,23.556708485778447,21.90406538612904,0.04532025,483.31738,131.03273,120.59242913114277,-51.25469196088383,12.654072,2.2314367,0.26590922,66.32256,15,1.0429065,170.8234546852425,-20.46682480050349
149005270337201792,63.63522486407845,0.020687295,23.57472991646869,21.993958087904776,0.02388899,920.6734,129.13046,119.8042884064642,-48.1830774523606,7.896926,0.8128853,0.12452459,11.50617,17,0.9932552,171.79372920321148,-19.478382282787923
145484634106814592,66.35476960697082,0.11270116,22.19979147131272,22.017740203586687,0.12881888,170.92014,121.66493,112.37063071226235,-46.63900490521837,5.224731,0.35477066,0.75924563,974.6109,14,1.3905345,174.64755020487726,-18.536555169882284
3299441950357981696,64.73298023395927,0.026209578,9.39630970086901,22.04584792581988,0.031199733,706.6037,114.43021,114.38203149101864,-3.320155639836364,14.725554,3.2042933,0.12448061,4.2633,15,1.0800737,184.33715862471024,-27.88256732936949
3291495436226226688,74.83294905196855,0.021730777,10.385966140615842,22.052773296647725,0.026223375,840.9587,84.05004,83.38904319009063,-10.520327494998384,12.796742,2.4497824,0.13877937,17.585075,17,1.2300707,189.7847315601201,-19.21611476983178
3312842042162993536,67.2190620079301,0.022477958,15.981472635522984,22.15827839888896,0.024848884,891.72125,113.734055,110.42404683449864,-27.23903776948722,11.251079,1.8968086,0.16543004,49.367558,17,1.2794079,180.2893200404138,-21.901077524320137
3393094021484216192,76.78868073335705,0.02136385,15.613613450378049,22.36286879234413,0.023436414,954.1933,83.92625,78.19204236778788,-30.48965983637968,12.757596,2.4374142,0.13932773,20.296173,17,1.3349078,186.3674982009265,-14.71270781263094
3308269757418376576,68.9525756160403,0.016252212,13.287966114514596,20.29581116307245,0.018649504,1088.2761,96.373245,94.57335248251292,-18.538719825755333,13.615199,2.729537,0.07302621,4.0597277,20,1.238572,183.6943417528816,-22.233230870054665
3405988677241799040,72.50336213922736,0.01900629,16.4119404233141,20.322504046614675,0.022058612,921.29565,88.279045,84.04476903905963,-27.012353757670663,10.180463,1.3848972,0.081362255,8.744796,14,1.0909169,183.21232684859925,-17.614771346839824
3310876802567157248,66.85605547720428,0.17716032,14.260578556388577,20.42227991360521,0.19219771,106.25662,104.38371,102.45836199187342,-19.956020786554035,10.026131,1.33076,1.4993907,4364.252,17,12.669773,181.50916741456345,-23.24853157139869
3313526556869575296,66.20070596676636,0.27664924,15.874649203665436,20.67833275816717,0.30507854,67.780365,101.09182,100.34452068045356,-12.269188261040467,11.324224,1.9229269,2.020179,4892.593,17,12.951795,179.71243071909345,-22.72905269545068
151312419393052032,67.29629284165766,0.0150761325,26.246508186399712,20.914300970803517,0.016899796,1237.5475,117.09713,103.1185834592628,-55.48239469099442,12.055849,2.1427555,0.088962644,10.094919,16,1.1030649,172.05717296812415,-15.224356958407826
47982794811614080,66.08777664103502,0.029362839,19.180615222151253,21.221541356846625,0.032064047,661.8485,113.768776,107.33819741939575,-37.70735951451041,15.132381,3.058339,0.11936919,3.504045,16,1.1425462,176.90508117327616,-20.69445063088897
3307516660672931584,68.77368125958311,0.016853938,13.173594071494676,21.412135174332253,0.019940645,1073.7935,102.08367,100.72156144527855,-16.62055111378016,13.70326,2.8682575,0.058825027,2.5974953,18,1.1834246,183.67944750878743,-22.44112006134537
3313285110990793472,68.48680175601453,0.018656572,16.86893699017762,21.48256636168679,0.020551529,1045.3025,105.92975,102.05202469721355,-28.39885970028468,13.742438,2.7609415,0.082926966,4.417703,18,1.2430022,180.3588224772931,-20.397078698557024
3313653894061044224,65.99690955661914,0.023887178,16.721465710411213,21.74597706160512,0.025943754,838.197,111.45272,108.74205842614374,-24.43100030064956,11.733229,2.0506887,0.18490492,66.04926,17,1.8078858,178.87005869823832,-22.34175283317936
3312744219988782720,67.16608051054888,0.33305082,15.870784455320392,21.81251596251546,0.37348384,58.402836,108.07029,106.14776250704207,-20.293824952737538,3.3779078,0.39932775,2.7603955,18768.834,18,4.6046376,180.34795496694397,-22.010119340538026
147877549363243520,67.73289168285214,0.029007776,24.83790520061017,22.33577396701976,0.03176673,703.1184,119.71271,106.11682285722662,-55.41076672012422,14.66773,3.047492,0.09927593,2.6594822,16,1.0567849,173.4276425219379,-15.853612189321982
3410505784542875008,69.72843914206969,0.019803558,19.18206486939419,20.064564960840617,0.02156436,930.45026,99.01142,92.78665865775896,-34.55281295070087,12.897306,2.501134,0.13059093,17.587505,17,1.1117162,179.21566531861745,-18.035017298057475
3311906770084019712,64.3677423441332,0.014603125,14.900983314066778,20.282956302607197,0.015809147,1282.9886,107.2537,105.84047506258158,-17.3536926911853,13.256185,2.5939026,0.057207312,2.7614489,16,1.2354041,179.30116875748055,-24.711314378037425
3404812685132622592,72.64131131574948,0.16037184,15.08334362058648,20.50299348150385,0.17893784,114.58166,87.61165,84.96745471098987,-21.361928883826053,7.5717564,0.8872652,1.2011591,1255.5192,17,7.1158037,184.42284310425228,-18.290559567428403
3309540170088830464,68.49438499286096,0.53609526,15.16352719505778,20.64126832294862,0.6075161,33.976494,112.99653,108.03672531476836,-33.11013701066008,8.2856655,1.0252385,5.1591134,21481.848,19,27.214418,181.79962125726064,-21.44462171206844
3409968703177094656,72.6791513167426,0.039645415,19.304039539979595,20.70328973906425,0.045141537,458.63058,93.940186,84.9145994149893,-40.17797418715114,15.452219,3.2287626,0.1448824,3.448516,18,1.0841336,180.8934807570992,-15.754928146188018
50327297200978176,60.91324437950776,0.017601829,19.45486430705512,20.95167537165959,0.019205533,1090.9187,126.526306,122.05525386120502,-33.3379810764895,9.780697,1.2687778,0.110162325,22.11067,16,1.2336773,173.15560399208985,-24.14575867805261
49520255665123328,64.87462537982385,0.021084083,21.75371096399956,21.031458216917265,0.022780646,923.21606,116.223404,109.5106954935432,-38.926687346325366,12.847304,2.5429764,0.14142676,25.156605,16,1.1849926,174.04086322258573,-19.86121317127761
3306007129990778368,66.7015509438664,0.34694663,10.87104212376382,21.159358865398456,0.39524114,53.535313,84.66169,84.59769361862016,-3.291155368253534,9.099008,1.2703705,2.8690455,8327.466,16,22.14037,184.345639967378,-25.447440134788785
3311038666998173184,65.84974595899124,0.18764944,14.427849817287893,21.16004577091608,0.21195878,99.83095,112.93881,110.94351874539676,-21.13552582176292,13.543492,2.9259453,1.5418001,1439.2728,17,12.498561,180.7017307205916,-23.90491419293852
3314212068010812032,67.37695672528574,0.020248925,17.863022648846673,21.438554423234333,0.022946548,934.28235,110.84728,106.1192327332723,-32.02855957789507,6.797135,0.60004234,0.1305737,19.98293,19,0.9934814,178.82301991173418,-20.598936096586907
3304337251002413952,62.11165709792025,0.015683632,12.191797632139169,21.58431663010373,0.017492065,1233.949,119.98792,119.48704471307887,-10.952029796356811,10.703841,1.6431818,0.08027566,8.306485,14,1.1396561,180.0416888832249,-28.133258971287304
3314294771901304192,68.48159725897497,0.026163917,18.38062040059367,21.587850129123968,0.031458754,686.2271,108.75273,103.7944137257437,-32.46346394321611,14.972231,3.0574532,0.08846597,2.1694658,18,1.0239731,179.09911592232646,-19.457538172085385
3312904233289409152,67.25111621738195,0.016489167,16.346213879024717,21.632519360189345,0.018340891,1179.4694,108.59872,105.1068878388032,-27.317100539736167,13.074519,2.6452227,0.065376334,4.460686,17,1.2212473,180.0041371056463,-21.64839860581708
47109438983082496,60.72188035526808,0.028269637,18.407175984900785,21.87325614936264,0.029881796,731.9927,131.67015,128.3302332396565,-29.46830346216534,13.841202,2.9892673,0.18409418,23.64706,17,1.6661092,173.85615725366003,-24.99694257284368
3393284752392701312,74.9350682786819,0.024128944,15.916600609120549,22.37712890348192,0.02620532,853.91547,90.08893,85.06808408172753,-29.655281713804747,6.6445017,0.59449005,0.10868315,11.701236,14,0.8697726,185.0565173141841,-16.007322253543315
3292663564251652608,70.21731447772568,0.023111867,9.087582929941526,22.405532749019123,0.029280003,765.2162,99.22089,99.09717155355074,-4.953315603889033,14.790501,3.0172787,0.059529983,1.1675622,19,1.0444983,188.1754351030539,-23.7036257153073
46498282316394240,59.92594336936887,0.023686431,16.940633327085227,22.560717858850875,0.02530618,891.5102,134.8031,123.82777850729224,-53.27810329742692,12.6925535,2.3502245,0.20133762,57.911594,18,1.8565817,174.46510964158034,-26.554234235158376
3406284725043872256,71.81276693698982,0.12121522,17.33030105619859,22.66234471257312,0.13159236,172.21626,99.52024,94.689063237666,-30.63102624878202,17.2498,4.140005,0.6500921,12.123009,18,0.91637164,182.0254275723127,-17.597854944970525
149089760932648448,65.10245031957996,0.2789775,23.93685344061156,22.812869643460235,0.3042268,74.9864,133.06123,130.10634885277975,-27.88603843824469,19.10023,3.5567684,1.19663,4.119967,18,1.1270686,172.47257657346518,-18.24474450902727
45142206521351552,61.92552108068629,0.027922241,15.16268590666018,22.850537135218374,0.028883275,791.1339,129.84071,127.74418003865536,-23.238637670992127,5.984928,0.50674057,0.15080813,27.235142,13,0.8232454,177.37820091592712,-26.33015320399188
3307992336891315968,69.96285291527285,0.016743895,12.72840639889554,22.89849594744865,0.021388963,1070.5753,103.78323,102.516875225343,-16.16321848160308,9.665218,1.2807331,0.11348547,20.070032,19,1.276057,184.81307047298097,-21.779107262814616
3406089252492594816,72.00406947321011,0.076705016,17.055858182311823,20.16440796540908,0.08791098,229.37303,82.098236,75.03474737608764,-33.31526722983607,10.526142,1.8785448,0.5541974,355.5059,17,4.1947284,182.3708387160543,-17.615893085762412
150437933988007040,64.55790494325427,0.3829123,25.66075718681041,20.48516006411761,0.43439204,47.158234,120.96734,112.17331732863175,-45.279617241725056,16.89423,4.13319,3.2815185,384.1934,18,4.654164,170.78748070945198,-17.442673478865498
3300725905060807936,65.6256472411211,0.013516356,10.434597500431904,20.88137893168201,0.015299192,1364.8682,108.17755,108.0143432699817,-5.94003024630074,11.8271,2.066002,0.08516032,10.3058815,17,1.061675,184.01593914580295,-26.55228402076079
3314185129975960448,67.12038862642493,0.34501088,17.695791947186837,20.91843408231149,0.40339738,51.85565,118.08237,109.48695047352118,-44.22729129657963,11.360385,2.2351828,2.6895719,9420.039,17,15.092351,178.7958704890246,-20.8939121525169
3307355272981718272,67.31812349243297,0.018810255,12.360285836150464,21.130573792003982,0.02016548,1047.8586,104.5804,103.91102579639008,-11.813491139821409,13.442018,2.745842,0.05442537,2.945953,16,1.1674798,183.446759354669,-24.06312808063478
3313241714640886400,69.60440899071648,0.08670636,17.54228778068461,21.50283474863713,0.11083778,194.00276,101.13879,92.77297902595993,-40.27688965263643,9.699967,1.4685278,0.7736724,996.89496,16,6.853038,180.4983015090077,-19.14172631910116
47804394753757056,64.05523411212916,0.018626072,18.884362336982484,21.82751181449805,0.020528838,1063.261,124.83074,120.62002935161104,-32.148453163407744,11.203266,1.8475933,0.11271127,19.502626,16,1.0755994,175.7938849558811,-22.340987451962903
3312197934506930944,63.890922806874194,0.017482597,15.706163930174665,21.98884310674368,0.0194268,1131.8818,122.69019,120.46690653191756,-23.2509911470314,10.433477,1.5646591,0.09086218,9.306454,14,1.1388273,178.29809031323558,-24.542829678065303
48026706558487040,67.15467370962931,0.138481,19.180273317307044,22.36535445562801,0.1721149,129.94432,113.45588,107.5257715587816,-36.20007001971977,3.2804532,1.2369773,0.99510616,1489.1781,15,2.4488063,177.59682967887665,-19.923387535110805
147182172683187712,72.3045228763072,0.027282907,24.802604923231087,20.29164737862752,0.033244506,610.376,99.87893,84.61280352293198,-53.07046503234733,9.234275,1.2950821,0.17271893,38.164227,15,1.5002359,176.1801195819858,-12.675123186815505
149543000243089024,65.25317818281587,0.020091103,24.51860700660108,20.38889188666459,0.022714717,897.6071,117.260666,106.5867372937434,-48.88078498667054,13.559337,2.6923733,0.05969665,2.6804085,17,1.2247479,172.1166750552603,-17.752039221012822
49231668222673920,65.38237014650547,0.021875704,21.03971713386797,20.56339390615933,0.024978096,823.2571,110.84538,104.84915616019371,-35.96321883698717,6.688817,0.57329607,0.13888526,23.427046,17,0.97479224,174.94278384749234,-19.98059567895709
3306592418070112384,68.18963644754525,0.019107282,12.066606552219351,20.603160486735938,0.020846251,988.3388,98.57501,97.52678487718173,-14.337339520037467,13.739463,2.7497444,0.07438461,3.74151,17,1.2159138,184.26598721612345,-23.563061647463712
3307844864893938304,67.01894114867126,0.019363414,13.867854184261594,20.87561036886644,0.021009251,993.6389,104.01718,102.26882886369415,-18.99106792317413,8.839648,0.9900665,0.091844395,14.456053,16,1.0212765,181.95138438374903,-23.36793842493533
45770783575075968,63.89569436950035,0.01825651,16.762287744082474,20.881553135526133,0.021271825,981.6531,113.48766,111.02996428477658,-23.49033945351936,13.9761,2.7397203,0.04834747,1.1022713,15,1.1216772,177.42295453090475,-23.851284937048103
3311883817778820480,65.15179237979066,0.09181154,15.095358731795551,21.089906328443732,0.11995638,175.81313,110.490486,108.44328858667495,-21.17075959243724,5.2019286,0.31598282,0.5043656,362.6399,11,1.0272727,179.66877277083157,-24.00477226639544
3312759303913978624,66.5869485853136,0.227685,15.618207900194715,21.3957803576917,0.25111786,85.20215,89.91668,87.43530172194305,-20.978016384764462,4.4061656,0.37813282,1.7644758,9171.684,16,5.042937,180.18225967449223,-22.602566472245428
51497418090942720,59.55958140514105,0.0648547,21.05098587404604,21.405052458848488,0.07060388,303.17105,133.33304,129.22455529786708,-32.84380045716108,15.810151,3.6766558,0.40946075,20.240593,18,1.3505808,170.9330404305569,-23.94408832506933
48197783694869760,65.84566930782594,0.4841379,19.658531350570183,21.59864636466577,0.55447507,38.953323,104.39394,97.31780026776585,-37.78017810014982,9.1158905,1.1155329,4.1876893,26230.93,17,34.355576,176.3583051905271,-20.55779252604152
3309419984020798080,68.4626315976831,0.12475197,14.844319676275646,21.635396574818312,0.15024151,144.00412,105.93711,103.08256504033994,-24.426545849169408,4.6015615,0.34702873,1.0181764,1840.2869,16,1.823468,182.0504367607323,-21.664659994786195
3312324550143212288,64.97907765724916,0.054218676,16.522417532947376,21.72533378313141,0.069723524,311.59262,110.97575,106.06273081506647,-32.65447460692883,7.0219374,0.7089796,0.34241655,93.845665,12,1.2684435,178.35707407305938,-23.21761299541136
3312613000147191808,67.9373303656096,0.02414087,15.629243097689292,21.9411429349474,0.0278443,787.9941,106.25577,103.60681970600947,-23.577862998495743,11.270382,1.9153843,0.17452487,52.87138,19,1.3949715,181.04951202560773,-21.57999022354045
3311671955631826944,62.67061787500594,0.08473796,14.733449906069524,21.984717040334814,0.0918482,239.35925,124.72908,123.82931616882924,-14.954702514184063,16.090776,3.8508177,0.6166061,28.505096,16,1.900205,178.26612094136078,-26.069855559602743
3311000119668435200,65.51518023603637,0.06664624,14.077103275227197,22.026938316127616,0.07466744,295.0006,115.75498,113.77447283192949,-21.32101663168436,5.6442456,0.42680836,0.44188714,320.68738,14,1.8872856,180.77675809904184,-24.377656097080266
3306588707218380288,67.81746221983852,0.020868402,12.200079444708868,22.063923806490635,0.02396687,920.601,108.1799,107.3012182448806,-13.760062387872184,14.376487,2.9901962,0.06170486,1.8798838,18,1.1169895,183.9100395794625,-23.772652060478443
3312381071912436864,64.47973597435556,0.021312812,16.54438228291828,22.43113673226544,0.024212373,926.4328,119.305115,116.30472723578748,-26.587973156205532,12.951096,2.6879072,0.1313656,15.098535,15,1.1125696,178.00153765637145,-23.568544600929688
48225477643858176,64.78919528332048,0.029369604,19.475658613674327,22.90995031611896,0.033213917,689.7696,121.840866,121.83895195540089,-0.6835153483629564,13.719553,2.762906,0.1757919,20.728525,16,1.9144218,175.80823011042807,-21.42994343034785
3307371215900262784,67.8030685961577,0.033902507,12.477266173914687,20.34943187479348,0.036521833,557.1854,97.02977,96.20909429432398,-12.593081779986914,15.380332,3.1688204,0.073501386,1.0567112,17,0.99021405,183.65988556849612,-23.61593984040562
3412331901556818048,73.99613797665118,0.21723165,21.66666017960367,20.486010396153137,0.23956712,85.51261,89.83795,77.85024813644083,-44.83521452899999,18.740353,3.9769592,0.775593,3.6570692,18,0.96205455,179.70477160745645,-13.35074278856722
150982364040857472,67.44735529219814,0.19186576,25.48831263882796,20.56743439786972,0.22285296,92.291504,111.82816,98.63535482632122,-52.69349832020787,18.257837,4.3813896,0.9358155,6.1199384,15,1.0684259,172.74141991103778,-15.622175079640687
3296045077903829888,71.72078452583199,0.014885502,12.88377150174612,20.574214191473143,0.018848885,1091.5348,90.79324,88.88028280188034,-18.539363289806825,13.807008,2.800806,0.04496814,1.5947053,20,1.1603897,185.75938201192804,-20.301740765638144
3313259169388356608,68.40865079618047,0.015359572,16.762386244728727,20.61556113871976,0.017517813,1176.8342,101.26,97.99880517969228,-25.49159863900907,9.15698,1.0530233,0.08415194,10.384607,17,1.0408796,180.39834701082287,-20.52189122811404
3308896238528440448,71.89763218567602,0.016810143,14.888977576344391,20.93206028817838,0.01839954,1137.6404,90.54717,87.22401539215304,-24.30559187988497,10.927766,1.6903677,0.10709834,19.925665,19,1.2511973,184.1425555304482,-18.985770844642712
3307131900322333312,65.33284321495398,0.053512786,12.043855562220427,21.11859659724048,0.06088481,346.8615,109.69036,109.1551095040374,-10.822976002800376,14.674154,3.2915983,0.47396275,67.336945,17,2.195073,182.405949601236,-25.78783092629344
3312136499294830848,63.9433848777668,0.02859407,15.400600422560654,21.303677442165004,0.030425297,700.19617,117.58276,115.59655062933147,-21.520782477177725,6.218952,0.5320587,0.16976123,33.457012,14,0.96104157,178.59007386867796,-24.70241772044459
3313173957234728576,69.38416312823124,0.09465712,16.75879068634628,21.41008523788961,0.095767885,223.56226,96.498726,95.44066329763558,-14.250744828838087,14.560182,2.9406567,0.5159235,97.7956,12,1.002443,181.0161171528619,-19.789649055996048
3313978112552491136,66.02452121402943,0.08757121,17.443985101312077,21.61924104437301,0.099429496,217.43286,115.34452,110.58004635581656,-32.8087266938356,4.7558556,0.22975779,0.6894148,1182.0836,15,1.0224682,178.28885600637386,-21.85930831687288
3305860933600191872,67.81618729693938,0.051002458,10.704236969956913,21.669791014839102,0.058330778,371.4984,104.59035,103.9964463090593,-11.130169140933573,13.610997,2.9790468,0.32160452,89.353386,16,2.8858728,185.21984717351268,-24.6730985020761
3308851433430549632,71.03543674140586,0.02932582,14.714791077720443,21.7437364928008,0.03930556,553.1975,94.60183,91.26041779408229,-24.92072377456012,15.460746,3.2255697,0.1303706,3.5591547,20,1.0499691,183.76737970306093,-19.760325554063243
39163474607448192,60.248464510952175,0.24988297,14.345864861471355,21.96957786570396,0.2720026,80.76974,129.1016,128.23816554333953,-14.906157104815104,13.77109,2.9686556,2.19982,3079.6284,17,15.231374,176.84988288360805,-28.084146081316653
3311785239689504512,62.81142129185698,0.08490476,15.086263771352034,22.161311312651208,0.09521701,232.74529,125.88661,123.42393077852108,-24.77845893083363,17.11659,3.9367123,0.36164963,3.3898685,16,1.0203401,178.0682735458168,-25.736213126771013
3312849326428424704,67.64062132435598,0.12281779,16.193900711881753,22.18747294665825,0.1430216,155.13373,107.93126,104.88879350180169,-25.445976467323547,4.752029,0.23295069,0.97754586,1733.1475,17,1.6891359,180.38349116740304,-21.452153160548832
3299573475139651584,65.9618028617579,0.0215742,9.20539197328998,22.35759064919424,0.024482844,913.19415,114.414894,114.287285596903,-5.402224394030945,11.811197,2.454998,0.16200846,33.111275,17,1.2588031,185.33631433666736,-27.033461530250108
3311810047420637568,63.46857579356195,0.121177666,15.36487063340007,22.387419241858197,0.093279816,240.00282,124.69545,123.9529193262291,-13.58785583019484,14.308949,2.9282503,0.6141339,120.41512,13,1.5574532,178.2925180963165,-25.073900135806717
3307815006281475200,67.87268564180225,0.15150514,13.903399057854472,20.27674708776159,0.16559716,122.44623,86.82244,86.6072874406941,-6.108541034740216,7.643193,0.69734,1.2103275,1113.6848,18,8.31893,182.47524088035104,-22.69284983075457
3301044896575527680,65.31859939066207,0.2234187,11.42604579022264,20.49198335344504,0.24938856,82.1689,115.26632,115.20872001995612,-3.643609636070532,13.262825,2.720502,1.5715772,1894.0931,15,11.470651,182.9359499329518,-26.181411803758056
3405909374965722368,72.12806732413621,0.017152272,16.38839949353656,20.764649973138543,0.019183043,1082.4481,91.67559,86.51688758609262,-30.31899579840917,11.648043,1.9819012,0.120786734,25.29703,19,1.1263552,183.00787112973356,-17.918518828554014
3307645131734449408,66.7269036563752,0.014672501,13.138103140203471,20.856250700610264,0.016678682,1250.4735,105.94771,104.6549179420714,-16.500474218532617,10.08551,1.3796988,0.09714633,13.398318,18,1.1209549,182.386693293528,-24.04196187180121
147118233505518976,72.97272585188522,0.045048874,24.609877647970464,20.91460162552224,0.049606726,421.6082,102.446304,86.41877777747347,-55.01854558953337,15.8172655,3.369481,0.20653924,5.6342454,19,1.0755686,176.71866535995878,-12.31570200503679
3309974344039455488,69.5444304347343,0.02148203,15.821382952558132,21.01838989752342,0.02544425,826.0565,100.93905,97.32743849223635,-26.75931565908957,14.388778,2.9184856,0.09262476,3.9633486,19,1.1719139,181.90530094837487,-20.241737097946668
3314137846679343872,68.0336649745617,0.02450799,17.6643440638911,21.07527631220369,0.028105386,749.86615,104.48503,99.88685030851735,-30.65515123965629,13.979582,2.8372974,0.16592759,15.227341,18,1.5255272,179.4081670168627,-20.238553979221702
3406786445943961088,71.906957841128,0.043524116,18.25857777477147,21.089758083460115,0.043262184,487.48712,91.389175,83.25196796452937,-37.69735522433507,8.351739,0.8851352,0.2434979,47.200386,17,1.5270628,181.30519252366415,-16.967939032570193
49005581144118784,64.74209416547012,0.018727474,19.90653885437164,21.44666912644348,0.01951307,1099.0925,118.61875,112.85124254263434,-36.53771534966924,8.424586,0.89792156,0.1074412,11.660712,17,0.99531126,175.42914649618686,-21.17916443529612
3307528033746225664,68.44481144533495,0.020129934,13.251806962271951,21.81709921126018,0.022662971,962.6761,104.27712,102.80856198547193,-17.438976622324038,6.5178695,0.5718975,0.14271756,28.730072,17,0.99017215,183.40240343118015,-22.648850361202296
3300934223858467072,63.6436281045371,0.018357974,10.701362037070773,22.169762571635413,0.0213906,1036.4254,119.662415,119.52841216247784,-5.6614844677125165,6.98168,0.6610131,0.10630212,9.336189,15,0.8388157,182.4261227561532,-27.919570261193783
49157794785448192,65.67911798706223,0.11654641,20.56998136359179,22.2044737658087,0.12812465,173.30367,115.39761,109.142245168297,-37.477731073574574,13.435896,2.8771925,1.0397297,920.7529,18,10.13076,175.51359629755353,-20.0806005563875
3296031437085975424,71.43262850610868,0.42235208,12.775343688926457,22.66008352599756,0.5551012,40.821533,101.33341,100.06587120753689,-15.97752838746933,19.821424,3.3556557,1.9226955,4.6649647,18,1.1236801,185.67819575027397,-20.59313316571096
3296520066926319104,72.95873165305187,0.33797905,13.655005981699428,22.671066721414675,0.41223845,54.995033,97.78564,93.36783697514684,-29.05990025009136,6.3084307,0.64833593,2.3836997,7835.243,15,12.761127,185.83648991804145,-18.8730100910022
50327361624037120,60.91239484352838,0.07946574,19.455837610969265,20.857863349249136,0.07731438,269.77988,125.96902,123.09422656758534,-26.75826544999285,14.791902,2.8605003,0.5430266,99.12172,16,2.8105798,173.15422602485384,-24.14566981387337
3309978501567767808,69.61596544100632,0.08005258,16.00290935094271,20.892995227960203,0.09939415,210.20348,101.94482,98.74019918834688,-25.3597968168199,17.021824,3.8433332,0.30927205,3.6667173,17,1.0031333,181.796720563832,-20.07652509652233
3312709379213017728,66.90003194033417,0.01974194,15.589085472787543,21.284016509945317,0.022408782,949.80695,107.85219,105.16744918201684,-23.914466137534937,7.289236,0.6894736,0.11483765,14.707591,16,0.9956746,180.41177419490532,-22.386207395515967
3311173120950799872,66.46067898955343,0.026880307,15.002464972130216,21.39808326312012,0.030094508,711.02954,109.415794,107.05284803871862,-22.616431639961323,14.749543,3.0265055,0.09571537,3.2666898,15,1.1544725,180.61901683608303,-23.084194149714985
3313665885609887616,66.77789108447449,0.058130633,16.429579986614307,21.7524975456685,0.065174945,333.7555,111.91956,108.78997030370748,-26.28176339967887,16.60488,3.772418,0.16324832,1.6580988,18,0.9490485,179.6265629106275,-21.948669360374755
3406216383523959936,70.81584857548913,0.21623085,17.068982088574,22.40772965069851,0.24554408,91.25747,94.15697,84.43489741817137,-41.668730209110336,9.519791,1.2086744,1.8817399,5257.539,17,14.337425,181.64070824811796,-18.51515671474411
3294081521934473216,71.10806668662119,0.06725237,11.146072203663218,22.474309444517445,0.08267633,271.83487,99.85626,98.87421870737056,-13.970012717493288,5.326206,0.36072874,0.57948583,555.85046,18,1.2517045,186.9009865376483,-21.799641478859403
144377803854541184,68.40543499042356,0.018988026,21.15064523402506,22.870414579345397,0.021423718,1067.5278,117.73908,108.25728082834638,-46.29095905269867,10.200552,1.4889374,0.13352667,32.32544,17,1.2177482,176.78666141485354,-17.761710996426466
145391484855481344,67.00372585556586,0.04558748,21.619715671604588,20.15881676146232,0.05548979,363.28876,105.84797,97.09780452126684,-42.14035232196819,5.6573215,0.373621,0.31540063,173.07297,11,0.9711737,175.5253686373075,-18.45916610705301
3405082374719674240,72.24869984103235,0.15240844,15.604736047382485,20.576005066796807,0.17161152,119.89874,93.6356,90.57549494790176,-23.74245513459229,14.185166,3.1074696,1.3313253,934.40967,18,8.346899,183.74419834621443,-18.289671262445363
3405113740864365440,72.38425479124014,0.018138045,15.888629620259284,20.62442127241635,0.019703357,1046.7466,90.41698,86.74182616494376,-25.516382936765595,7.5957522,0.72790194,0.10017129,8.308106,19,0.8669956,183.5843493124729,-18.01664022117597
3410154456217987584,70.71264449605083,0.017602716,19.487006917100963,20.633405807771357,0.020250011,1018.93304,96.06748,88.95921873707927,-36.265937883994894,13.710716,2.7073555,0.06829244,3.5969086,17,1.2277187,179.56628725248274,-17.116463489708842
3304849172450634368,60.29798321392552,0.022422837,12.098266824434392,20.68611816887216,0.023979072,862.6739,89.16881,89.16092787853675,-1.1854853681517912,11.746285,1.9490309,0.15981738,37.7286,15,1.4617459,178.80501712607574,-29.5400589711744
47541100375011968,65.38496942725972,0.021638345,18.41744025238449,20.885733460424145,0.02385233,875.6265,114.96859,110.44900990966732,-31.91854784127326,6.7013855,0.582345,0.13635613,28.027073,16,1.0341549,177.0652419251668,-21.69583672545229
3311221224584455936,65.68440170253284,0.036891222,15.056327740576604,21.026355477142264,0.03632581,578.82697,104.52974,100.34236674943136,-29.289519804074057,8.366908,0.71623135,0.17711112,17.39968,13,1.041326,180.05876505538626,-23.632325193106205
3311221224583178368,65.68458418346766,0.024030931,15.056034383369544,21.18773295114552,0.026844518,789.27594,115.1014,114.26697815985808,-13.83439728546639,7.1384563,0.75829554,0.16080207,23.354685,15,1.1603436,180.05913469498924,-23.63237452336553
3306304002426877440,68.54687819175334,0.16090527,11.557856011851417,21.28626420317385,0.20599644,103.33317,100.38137,98.40723137939322,-19.81002199919745,11.071595,1.8341255,1.3448168,2856.221,18,9.466808,184.93898084174333,-23.58821748037031
47319961098840192,64.53807309193438,0.026482355,17.416130138912035,21.944709122364497,0.031130394,704.9287,117.063255,113.6904264767072,-27.89789617687469,14.702765,3.0002718,0.13418387,5.0936527,16,1.2429767,177.32011513849645,-22.959313019318905
48203487411427456,65.05456696075474,0.025936548,19.233321027772863,22.020045526274,0.031044696,709.3014,119.862724,114.58635515841462,-35.17157741985631,7.3269024,0.71302414,0.13198052,17.062216,13,1.0189565,176.18116620334862,-21.40036143915278
3411811317161811328,72.56988193028602,0.01699292,20.62562709067219,22.05154119938293,0.018648785,1182.4653,99.887566,89.48173302429399,-44.39082534016306,13.134485,2.6833782,0.0696412,4.822585,18,1.2569633,179.73592942266967,-15.039597884044424
3313541056680391296,65.92951789088579,0.019038547,15.880803450919558,22.4770888204994,0.020991715,1070.76,117.77483,114.89314405896891,-25.89355391931108,13.549859,2.683323,0.062876716,2.7210624,16,1.2141644,179.5278146508845,-22.926848717468125
3410076150374417408,71.02831552399883,0.0385065,19.03534393734991,20.30727075667781,0.043550108,466.29666,95.42904,89.04999367949891,-34.304519709190686,15.546968,3.2166424,0.15255442,3.7213435,17,1.0533235,180.13086787487157,-17.15803528324746
3409875592581586944,71.54064277007757,0.11794312,18.95760270811788,20.317514444224592,0.1354039,150.05118,94.135185,86.24019357197089,-37.73674519137691,17.659634,4.001692,0.35313004,2.2382352,18,0.9914675,180.5040183482053,-16.82134701191415
3310131711641618816,70.15459933342096,0.045257665,16.635634653440178,20.499725682102227,0.05859141,349.87598,93.28329,89.53247425803447,-26.18601961786656,16.12131,3.4910488,0.24164467,7.137411,18,1.0987474,181.59839011176751,-19.281111001222744
3311120722349948672,65.23411332349541,0.03594182,14.859496095395018,20.60062139966309,0.039784938,517.7995,112.09121,110.0820107151224,-21.127957778586957,15.127425,3.1471786,0.07776327,0.98142225,16,1.0222328,179.92343729265437,-24.093495257470398
3310702770492165120,64.83451345915711,0.014768766,14.316347980068391,20.85092023125928,0.016785895,1242.1691,109.38704,107.93602845660207,-17.7577790655432,11.98053,2.0924911,0.08701786,9.493307,16,1.1053181,180.11401775112665,-24.737268782306728
3413223227530503168,73.19853255933324,0.23560688,22.64707023101858,20.901164236073424,0.24182512,86.43091,82.217125,71.04557845721568,-41.37851538485168,10.960711,1.5973625,1.6882118,4124.1143,16,12.180523,178.44313247589542,-13.349341730187998
3295883999449691264,70.37030475207318,0.014085237,12.00928091435981,21.155813513954374,0.017240647,1227.0894,95.89623,94.86966963825614,-13.994043401935036,12.0128565,2.1516361,0.09762386,17.379545,21,1.155371,185.69140600853632,-21.88279902282048
45367056650753280,61.56774806806588,0.020347109,15.698032862131647,21.1750396454176,0.022528196,939.935,120.587105,118.96454993102434,-19.715098672341668,7.7056403,0.7535939,0.120124586,9.869946,16,0.9715326,176.67633946911542,-26.232658396572745
3408317000489415296,74.86536714653856,0.022512808,19.3435880635834,21.34739380756155,0.025759807,828.70935,89.5402,79.55236167594681,-41.0958489962472,14.241144,2.9152002,0.10586435,4.614205,17,1.2485352,182.1276791065098,-14.071046342349735
3312575685471393664,68.64759095859309,0.021884771,15.504503855092008,21.66896992865236,0.02430476,891.5525,104.46282,100.96281435030956,-26.81401752868006,7.782416,0.78598595,0.12573811,10.167652,18,0.99662864,181.60824788300997,-21.11859012133085
3410856112139584000,68.8069633740276,0.12673748,20.13348182757384,21.94869710450296,0.1420797,154.4816,109.762665,101.47918225572909,-41.83082929293606,17.741829,4.281307,0.63027483,6.58827,18,1.0597311,177.86379672155243,-18.116192445285694
3312892757136810880,67.24952006074582,0.35232124,16.15896922043472,22.17514707292207,0.40481293,54.77875,133.60147,130.93138565834687,-26.57679514531823,6.4531355,0.6963291,2.5320814,9648.499,18,15.832871,180.1600591961863,-21.76704595558812
3295557581935254144,72.1920309934172,0.09260282,11.385638026949096,22.59236882045343,0.12608217,179.18765,91.40821,90.46330491665437,-13.10922663865854,16.273624,3.8976202,0.7573666,54.01083,18,2.0166419,187.34891466677345,-20.79298573630897
40470720915966208,58.722372340985416,0.060089283,16.31552082894343,22.74402568750854,0.06847326,332.15927,133.30475,131.35248341395356,-22.730582649900207,12.939815,2.8418102,0.5052173,253.61465,18,3.0967972,174.08232373519837,-27.821033913017384
