source_id,ra,dec,parallax,parallax_error,parallax_over_error,pmra,pmdec,phot_g_mean_mag,bp_rp
3312408319186235520,67.6415947161492,14.747976746494444,20.132587476239596,0.36596155,55.012848,97.18962516286848,-16.36292548313833,13.6755705,2.7153435
151374477375986176,67.40147852974339,26.57294566532224,20.240852004653053,0.030556511,662.40717,97.86022473074928,-55.01587786445061,14.592121,2.9890013
3311024789960504576,65.39545704764056,14.409703887220196,20.67979693450329,0.027044397,764.6611,104.19978440400168,-19.148581742579594,6.4990244,0.54883385
3311151233797884416,66.05246947657736,14.75815758342354,20.85619771465096,0.20330013,102.58822,110.22626713190958,-12.401878513086965,7.4817166,0.7890749
3410453489023420416,68.42516726156403,19.01388394635447,20.871118754097125,0.021693328,962.0986,99.964197711193,-33.84079829485312,10.271567,1.4503965
3310478710637066752,64.53629289150157,13.331259196596612,20.934388473210237,0.06810414,307.3879,111.15798514707244,-14.546098512480594,13.949699,2.8872652
43789772861265792,57.60462004191989,17.24640938413766,21.01286843657661,0.015778624,1331.7301,127.2782830609336,-22.32068277832132,9.210812,1.0801163
3312348872541805184,64.22748221254695,16.356806031614795,21.063924177565333,0.014529831,1449.702,115.22802477350784,-25.82165237738849,13.190009,2.5590515
3314063908819076352,66.35479242496689,17.91521008711174,21.447339313427232,0.017244447,1243.7244,109.61815254023466,-31.353316361727813,10.60706,1.5973215
3314079508140198528,66.07110065917192,18.00278420332121,21.496896698223075,0.014711817,1461.1993,110.9135626017914,-30.66859095747958,9.650242,1.2481861
3309967059774839808,69.1701171674695,15.869204695827204,21.607898747664954,0.034783777,621.20624,99.90459107635893,-33.823473739301406,6.5345774,0.5849438
49324572659092992,64.2360793916038,20.876563189284862,21.73044866504696,0.15253635,142.4608,119.73868657307236,-38.57141950830933,17.729204,4.2275124
53725750202606208,62.16788238864409,23.55712619668823,21.742827135612444,0.04796531,453.30316,123.39914086025011,-42.166920825578174,12.554228,2.4401073
38354680725946240,58.75660281000282,12.48554075907131,21.77744563055385,0.016434181,1325.1311,131.17406424290564,-10.255282530117126,9.769129,1.2863073
3312613000147191680,67.93658293586253,15.630149907181586,21.928109289904448,0.021251561,1031.8352,104.99937028732845,-31.718638053931382,13.436778,2.7022161
47019347749289216,61.415911881822005,17.937590072728447,21.953883088547247,0.018208072,1205.7227,128.35318981625193,-27.322745774321383,9.03908,1.0493813
3408504261063819520,73.68421274980275,19.680719019913923,22.03397406045333,0.020923588,1053.0686,88.69135486654318,-40.52953172397963,12.830068,2.4864779
3314150048683152896,67.87161425364759,17.718518754515433,22.235741889084355,0.022544263,986.3149,104.71801159828372,-32.00552823368455,11.184438,1.8785868
3309006602007842048,71.62700947833584,15.471931785895292,20.500601458263425,0.0819142,250.2692,87.32567613872013,-25.352727232571336,8.138844,0.8205805
3409827214070099840,72.14622781644172,18.72890279706403,20.551587784263443,0.030124094,682.2309,87.27695408230191,-34.786222840829815,14.713162,3.0733747
3295174363477640704,75.08112915512642,12.12608898873613,20.625656055459263,0.16071956,128.3332,98.58248751507746,-17.2343620075334,17.852879,4.2937183
3292227607891547264,69.77608805537724,7.870986341030237,20.63072383367189,0.091687545,225.0112,94.83053442527412,-0.1615898701897752,5.3237796,0.3391986
3313714023603261568,67.16468609875307,16.969906003224942,20.707493378225784,0.033891197,610.99915,102.49011854574022,-27.08546350145112,14.05441,-0.33930874
3310178784482082816,64.67653033004555,12.510638445649487,20.74999895456128,0.023574201,880.19946,110.03357949625426,-12.110017411549151,14.114566,2.9399395
45769546624484736,64.05691179600716,16.796588846576263,20.590147840419927,0.2016998,102.083145,109.61404156684677,-21.737954101547505,15.543332,3.468278
145784835140102016,66.32628208468356,23.060624403370937,20.7536113300791,0.020000981,1037.6296,106.44698152807058,-43.957385307406525,12.954094,2.4809856
3307843524864280192,67.09389131915107,13.822676224049486,20.77181149357056,0.035072938,592.24615,105.07476082538018,-19.53295525173183,14.891436,3.1672688
3391564527794446976,74.88597924839392,13.081822755654615,20.79203349582033,0.3834032,54.2302,80.49608080697446,-20.6507588700384,19.12323,3.7730331
3406089252492594816,72.00406947321011,17.055858182311823,20.16440796540908,0.08791098,229.37303,75.03474737608764,-33.31526722983607,10.526142,1.8785448
146712303261194624,70.04626127763612,23.420438935989637,20.04024061578082,0.10499906,190.86115,90.27292881606306,-45.83129601719615,17.08553,3.8768234
50327361624037120,60.91239484352838,19.455837610969265,20.857863349249136,0.07731438,269.77988,123.09422656758534,-26.75826544999285,14.791902,2.8605003
3309978501567767808,69.61596544100632,16.00290935094271,20.892995227960203,0.09939415,210.20348,98.74019918834688,-25.3597968168199,17.021824,3.8433332
3312709379213017728,66.90003194033417,15.589085472787543,21.284016509945317,0.022408782,949.80695,105.16744918201684,-23.914466137534937,7.289236,0.6894736
3311173120950799872,66.46067898955343,15.002464972130216,21.39808326312012,0.030094508,711.02954,107.05284803871862,-22.616431639961323,14.749543,3.0265055
3313665885609887616,66.77789108447449,16.429579986614307,21.7524975456685,0.065174945,333.7555,108.78997030370748,-26.28176339967887,16.60488,3.772418
3406216383523959936,70.81584857548913,17.068982088574,22.40772965069851,0.24554408,91.25747,84.43489741817137,-41.668730209110336,9.519791,1.2086744
3294081521934473216,71.10806668662119,11.146072203663218,22.474309444517445,0.08267633,271.83487,98.87421870737056,-13.970012717493288,5.326206,0.36072874
144377803854541184,68.40543499042356,21.15064523402506,22.870414579345397,0.021423718,1067.5278,108.25728082834638,-46.29095905269867,10.200552,1.4889374
49365087086285184,63.9273412343676,20.819641218239195,20.270849788207933,0.04364708,464.42627,109.44958761747506,-35.286636087074896,7.650983,0.86707926
3308957845537774976,71.38816992918579,15.050622832998393,20.34993783395049,0.17036079,119.452,84.68394037466844,-23.753854832543663,18.10621,4.133625
3311514210073309056,63.60737116437495,14.624971001435416,20.37607494359422,0.02300196,885.8408,107.84642683790034,-13.751424929802884,8.303924,0.8634658
47959705067457152,66.12800628155945,18.98678698271073,20.49866479939148,0.31956834,64.14485,111.01913912861905,-43.00262897671094,14.982163,3.2060423
3410529355323453312,70.05342325459208,19.2859181895273,22.268220734433715,0.022097234,1007.7379,98.68373842786642,-40.15836005393951,12.552542,2.3746452
3307717596422556928,66.4657421464766,13.502584738819609,22.739119775786293,0.019374017,1173.6915,113.38304331107248,-19.155673748306107,13.912734,2.7894402
3410453489022728576,68.42662834627303,19.013283769225044,20.30263423546744,0.264669,76.70953,102.06974639555295,-31.88431589005483,18.51686,2.8797836
3294248609046258048,70.25766303016547,10.99439690016806,20.326483726131126,0.035580423,571.2828,91.37520820343704,-10.77774524346995,13.846414,-0.3913021
3306016372760404992,66.1838628217439,10.77199736532266,20.47144649891011,0.02506536,816.7226,102.92424133416888,-10.281400058163516,12.969965,2.4588194
3411031385460853248,70.6266761410155,20.45300678555645,20.476050830053644,0.021684114,944.2881,89.80926126025199,-37.83108453264123,12.145561,2.5452776
3409480318150949248,71.18277400779577,18.408079213384333,20.54437367664026,0.111013204,185.06244,91.04631264091016,-32.97210157368121,13.635109,2.9869432
3311229745799686912,65.75678797400016,15.228121233684698,20.706527940234576,0.036348913,569.66016,107.43366431136246,-19.466892830338374,15.144566,3.082655
3312281634829711488,64.55462493665708,16.098024004388698,20.725496302360657,0.029271381,708.04645,107.2614855943022,-23.893462096674515,14.750199,3.0744343
47813504381625088,64.35533003429076,19.029775860591062,20.89852976070232,0.022057392,947.4615,112.7095032886203,-29.841473775204143,10.348098,1.4703646
3404798597640071296,72.76054145781335,14.971194428416442,21.09312454746806,0.39078805,53.97587,91.67669179018684,-24.423091655680118,10.98731,1.871623
3312783561888068352,66.40598637273915,15.94090753969732,21.10764322783181,0.4963361,42.526913,102.95013743101792,-26.0262116770142,6.341617,0.64434147
3305524242524308352,61.644817597776,13.549048763974358,21.448501108200787,0.23169267,92.57307,114.59047115957908,-14.346548249312836,12.427655,2.2714405
146989143968434688,71.79108920329166,24.019811673334868,21.61611775507757,0.02172159,995.14435,92.18788556468284,-52.68383222508415,11.510047,1.964818
3305860933598991104,67.8154958252843,10.703330766016288,21.61705731519776,0.19431859,111.24544,104.53162699235996,-9.981458849004817,17.599026,4.058836
3406380176397987200,71.70648340477726,17.748190031190475,21.663906317446088,0.12984617,166.84285,89.22332922946438,-32.369473663128694,9.30183,1.188715
3313662896313355008,66.11855100326646,16.886053964801455,21.781982400489085,0.034885153,624.3912,112.37591155236862,-25.540146749299083,7.6696334,0.7718458
47752481485851136,65.1051418046824,18.74248853643707,21.794230173638944,0.030968318,703.7589,117.29271215734462,-43.34123943938491,6.014479,0.5179033
3312564037520033792,67.96911967367434,15.49937349658422,21.871807832755163,0.015987119,1368.0894,105.36486514556807,-24.24098903749085,10.49808,1.5730047
53725750200743040,62.16815352932989,23.556708485778447,21.90406538612904,0.04532025,483.31738,120.59242913114277,-51.25469196088383,12.654072,2.2314367
149005270337201792,63.63522486407845,23.57472991646869,21.993958087904776,0.02388899,920.6734,119.8042884064642,-48.1830774523606,7.896926,0.8128853
145484634106814592,66.35476960697082,22.19979147131272,22.017740203586687,0.12881888,170.92014,112.37063071226235,-46.63900490521837,5.224731,0.35477066
3299441950357981696,64.73298023395927,9.39630970086901,22.04584792581988,0.031199733,706.6037,114.38203149101864,-3.320155639836364,14.725554,3.2042933
3291495436226226688,74.83294905196855,10.385966140615842,22.052773296647725,0.026223375,840.9587,83.38904319009063,-10.520327494998384,12.796742,2.4497824
3312842042162993536,67.2190620079301,15.981472635522984,22.15827839888896,0.024848884,891.72125,110.42404683449864,-27.23903776948722,11.251079,1.8968086
3393094021484216192,76.78868073335705,15.613613450378049,22.36286879234413,0.023436414,954.1933,78.19204236778788,-30.48965983637968,12.757596,2.4374142
3410076150374417408,71.02831552399883,19.03534393734991,20.30727075667781,0.043550108,466.29666,89.04999367949891,-34.304519709190686,15.546968,3.2166424
3409875592581586944,71.54064277007757,18.95760270811788,20.317514444224592,0.1354039,150.05118,86.24019357197089,-37.73674519137691,17.659634,4.001692
3310131711641618816,70.15459933342096,16.635634653440178,20.499725682102227,0.05859141,349.87598,89.53247425803447,-26.18601961786656,16.12131,3.4910488
145674574739951872,66.34285323849276,22.29367359328652,20.91185281250576,0.157056,133.14902,104.35453085558618,-44.435815183648266,4.167236,0.22083235
149327461604162688,66.76358969231461,24.10416450594337,21.185878117312757,0.027633581,766.67145,104.7327978184749,-47.78656317905104,14.591046,3.0560608
3313751441358252160,66.57982992496277,17.05047474838996,21.204050746536424,0.06137174,345.50186,101.85154123967044,-28.253993605040456,16.338469,3.5770655
3307504222447587584,68.10736950520888,13.113150564848766,21.33021990255656,0.020638045,1033.5387,104.4183193016359,-18.568574281999176,10.519593,1.6842756
3312846371490133504,67.51789320736421,16.06860426033561,21.387746214507576,0.08663524,246.87122,94.67902202409914,-56.10590490928818,16.552427,3.7530613
46975436002187136,62.67708099718692,18.423116547059568,21.412299104141248,0.02434263,879.62146,121.42944939639628,-30.96376816159961,6.5024347,0.55978537
3314109916508904064,67.20174925382867,17.285341899758865,21.5489076022758,0.022407819,961.6691,108.67985266985404,-28.446330982590844,7.7025585,0.7695646
3392546632197477248,75.55638844545861,14.710114072079396,21.7459171405064,0.33910066,64.12821,73.98223222882817,-25.9457903756425,18.898937,4.3501472
145664777917536512,66.03147802349007,22.118672707891832,21.97239358755164,0.016493019,1332.2239,110.55785272690656,-43.889716888500814,10.500138,1.5751286
3310814886318365568,66.13187780097878,13.928549141036688,21.993423194312864,0.039120864,562.19165,113.07056240121685,-18.252254939822112,15.081756,3.1072779
3311810043124387712,63.46885198450028,15.36495687120656,22.2959209162106,0.11555437,192.94745,119.15064085645162,-27.7120908074048,14.314616,2.9728355
3295377880503113216,74.76339168430074,12.262400542343777,22.44628848913832,0.031041253,723.1116,86.26740002504683,-18.595565233818192,15.046155,3.1978989
147586247500686336,68.34964551576856,23.990567559283637,22.93807478028544,0.45966974,49.901207,104.81498110302849,-38.07174541271763,12.281707,2.388587
146727391481452544,69.24266407105962,23.27715799874353,20.3687781601637,0.110327736,184.62065,91.3865417851164,-44.813588017583925,17.21223,3.933959
3308433069254919424,70.55226837461355,14.147501012619594,20.093219300579644,0.032163203,624.7269,88.04415314083236,-21.27923758759796,15.006906,3.0558996
3313527106627449088,66.11822759101871,15.88417682534391,20.427173906644025,0.25154158,81.20795,97.93689390469106,-27.924670732472297,13.778803,2.7745047
3392664627834274688,74.49115621734242,14.45189798785836,20.61019442733577,0.0270991,760.549,78.78936510641863,-24.47312983808204,14.371617,2.9334373
3405297324946333440,74.79342198610871,16.07151210536761,20.749106987616347,0.024217086,856.7962,72.59468477969725,-41.05373800285782,9.731515,1.2043171
50298125783225088,61.35753568748664,19.44200665087869,21.198268225584627,0.023146871,915.8157,122.02644919286638,-32.58516730288186,10.836196,1.6597319
3310104945406638464,70.10656145621284,16.513605313921754,21.21604369770696,0.2130276,99.59293,100.71026479181364,-17.822953849404833,9.279742,1.3636322
3312644885984344704,68.24817726690902,15.818854771000632,21.35731378098158,0.019992784,1068.2511,100.37574321605688,-25.47369149898669,8.475605,0.9044514
3307782570688378496,67.65616639413629,13.72431676410995,21.491451797641616,0.073748454,291.41562,106.56507793489249,-19.248993711890343,5.3405814,0.36794996
3309568143211890048,68.86895204897276,15.399151275857331,21.71718631525121,0.1024237,212.03284,98.40024767636912,-33.97375567713968,14.505741,3.1322365
3312652513846244096,68.20929931916466,16.00568312875324,21.986514300716408,0.295252,74.46695,101.05427327696728,-29.529461832054025,8.728549,1.086051
3314213025787054592,67.38219601870492,17.89303687476587,22.00647700341757,0.01661287,1324.6644,107.65175197214356,-32.96408044400983,8.7407255,0.9833555
3287450745264292864,66.40562804145627,8.591355844852567,22.61907055195553,0.066409476,340.60004,112.61499000772233,0.2689988257774989,15.941398,3.7690344
146740207663868032,69.12192707014619,23.34062116551096,22.947891569430304,0.12339541,185.97038,96.97464907710922,-49.08577114079784,5.919667,0.53674936
47803952373768960,64.01545924155742,18.85907582957696,20.81802907900175,0.018925542,1099.9965,112.99087732712964,-28.06927769236524,12.993462,2.5119476
3311179340063437952,66.52007676867467,15.041285019426097,20.8390589991997,0.027691659,752.5392,101.60630054880184,-22.71326170096517,11.470464,1.9116602
3311492803955469696,63.79389433144968,14.398373872357954,20.978217741068452,0.017638173,1189.3645,114.58061638282337,-18.38846027027257,10.929824,1.7070513
3312637842237882880,67.96612153925633,15.851471350184571,21.00505488455235,0.05281615,397.7014,99.4956310598399,-34.32999088297088,5.928877,0.46518755
145293181643038336,66.57757082391856,21.470262123168748,21.022085450482432,0.05181636,405.70364,103.57539571101086,-37.79838463589298,7.239102,0.68395376
3312440445540818304,67.81866462842426,15.00322280399349,21.05318989100504,0.05802669,362.81906,101.15523679833852,-20.258241111458684,16.090866,3.5432816
3306722607119077120,68.43779586213405,12.71114645559168,21.1317743941902,0.034443296,613.52356,98.9922681465868,-14.39769732761123,14.242379,-0.2868185
3303530209469039616,61.85267271178611,10.740581426524551,21.21141476610331,0.06348634,334.10992,119.7844629063574,-7.558021096718419,16.219955,3.502411
3312536927686011520,67.53632737172786,15.637736095425185,21.4201372807942,0.05598455,382.608,108.88056712014205,-21.81897870414946,5.6056676,0.4476633
47729215646206080,64.46150286122511,18.475053544960037,21.64021425359963,0.05619019,385.12442,113.17087381270306,-30.77713833776765,12.703422,2.6998405
3406823245223942528,72.26509216185069,18.641073544602044,21.919610281288232,0.018607637,1177.99,89.27223867799621,-39.06373579136996,8.757004,0.9974756
3406417903390509056,73.09168071718106,17.174054883750856,21.940221992612432,0.044422638,493.89734,87.45237417752612,-34.41671792561823,15.6612015,3.3148842
38329666836450304,59.560442195261466,12.62796900981299,21.94775521269117,0.044486865,493.3536,129.70709549745908,-12.256301508950882,15.08387,3.2001438
3310634944368705664,64.9909642432842,14.035119724261309,21.97774049011765,0.062129736,353.73947,115.369072100897,-18.825387132746577,5.5111136,0.39070892
3411887595780736128,72.17598570547419,21.10079745390958,22.640438518696524,0.2018068,112.188675,92.82076515251067,-53.70407484742832,8.834197,1.0153942
3308127405023027328,70.3740966937844,13.221124178946916,22.66290805390508,0.023663454,957.7177,99.23287062203264,-18.63009160821845,10.491406,1.8964214
147182172683187712,72.3045228763072,24.802604923231087,20.29164737862752,0.033244506,610.376,84.61280352293198,-53.07046503234733,9.234275,1.2950821
149543000243089024,65.25317818281587,24.51860700660108,20.38889188666459,0.022714717,897.6071,106.5867372937434,-48.88078498667054,13.559337,2.6923733
49231668222673920,65.38237014650547,21.03971713386797,20.56339390615933,0.024978096,823.2571,104.84915616019371,-35.96321883698717,6.688817,0.57329607
3306592418070112384,68.18963644754525,12.066606552219351,20.603160486735938,0.020846251,988.3388,97.52678487718173,-14.337339520037467,13.739463,2.7497444
3307844864893938304,67.01894114867126,13.867854184261594,20.87561036886644,0.021009251,993.6389,102.26882886369415,-18.99106792317413,8.839648,0.9900665
45770783575075968,63.89569436950035,16.762287744082474,20.881553135526133,0.021271825,981.6531,111.02996428477658,-23.49033945351936,13.9761,2.7397203
3311883817778820480,65.15179237979066,15.095358731795551,21.089906328443732,0.11995638,175.81313,108.44328858667495,-21.17075959243724,5.2019286,0.31598282
3312759303913978624,66.5869485853136,15.618207900194715,21.3957803576917,0.25111786,85.20215,87.43530172194305,-20.978016384764462,4.4061656,0.37813282
51497418090942720,59.55958140514105,21.05098587404604,21.405052458848488,0.07060388,303.17105,129.22455529786708,-32.84380045716108,15.810151,3.6766558
48197783694869760,65.84566930782594,19.658531350570183,21.59864636466577,0.55447507,38.953323,97.31780026776585,-37.78017810014982,9.1158905,1.1155329
3309419984020798080,68.4626315976831,14.844319676275646,21.635396574818312,0.15024151,144.00412,103.08256504033994,-24.426545849169408,4.6015615,0.34702873
3312324550143212288,64.97907765724916,16.522417532947376,21.72533378313141,0.069723524,311.59262,106.06273081506647,-32.65447460692883,7.0219374,0.7089796
3312613000147191808,67.9373303656096,15.629243097689292,21.9411429349474,0.0278443,787.9941,103.60681970600947,-23.577862998495743,11.270382,1.9153843
3311671955631826944,62.67061787500594,14.733449906069524,21.984717040334814,0.0918482,239.35925,123.82931616882924,-14.954702514184063,16.090776,3.8508177
3311000119668435200,65.51518023603637,14.077103275227197,22.026938316127616,0.07466744,295.0006,113.77447283192949,-21.32101663168436,5.6442456,0.42680836
3306588707218380288,67.81746221983852,12.200079444708868,22.063923806490635,0.02396687,920.601,107.3012182448806,-13.760062387872184,14.376487,2.9901962
3312381071912436864,64.47973597435556,16.54438228291828,22.43113673226544,0.024212373,926.4328,116.30472723578748,-26.587973156205532,12.951096,2.6879072
48225477643858176,64.78919528332048,19.475658613674327,22.90995031611896,0.033213917,689.7696,121.83895195540089,-0.6835153483629564,13.719553,2.762906
150437933988007040,64.55790494325427,25.66075718681041,20.48516006411761,0.43439204,47.158234,112.17331732863175,-45.279617241725056,16.89423,4.13319
3300725905060807936,65.6256472411211,10.434597500431904,20.88137893168201,0.015299192,1364.8682,108.0143432699817,-5.94003024630074,11.8271,2.066002
3314185129975960448,67.12038862642493,17.695791947186837,20.91843408231149,0.40339738,51.85565,109.48695047352118,-44.22729129657963,11.360385,2.2351828
3307355272981718272,67.31812349243297,12.360285836150464,21.130573792003982,0.02016548,1047.8586,103.91102579639008,-11.813491139821409,13.442018,2.745842
3313241714640886400,69.60440899071648,17.54228778068461,21.50283474863713,0.11083778,194.00276,92.77297902595993,-40.27688965263643,9.699967,1.4685278
47804394753757056,64.05523411212916,18.884362336982484,21.82751181449805,0.020528838,1063.261,120.62002935161104,-32.148453163407744,11.203266,1.8475933
3312197934506930944,63.890922806874194,15.706163930174665,21.98884310674368,0.0194268,1131.8818,120.46690653191756,-23.2509911470314,10.433477,1.5646591
48026706558487040,67.15467370962931,19.180273317307044,22.36535445562801,0.1721149,129.94432,107.5257715587816,-36.20007001971977,3.2804532,1.2369773
3410505784542875008,69.72843914206969,19.18206486939419,20.064564960840617,0.02156436,930.45026,92.78665865775896,-34.55281295070087,12.897306,2.501134
3311906770084019712,64.3677423441332,14.900983314066778,20.282956302607197,0.015809147,1282.9886,105.84047506258158,-17.3536926911853,13.256185,2.5939026
3404812685132622592,72.64131131574948,15.08334362058648,20.50299348150385,0.17893784,114.58166,84.96745471098987,-21.361928883826053,7.5717564,0.8872652
3309540170088830464,68.49438499286096,15.16352719505778,20.64126832294862,0.6075161,33.976494,108.03672531476836,-33.11013701066008,8.2856655,1.0252385
3409968703177094656,72.6791513167426,19.304039539979595,20.70328973906425,0.045141537,458.63058,84.9145994149893,-40.17797418715114,15.452219,3.2287626
50327297200978176,60.91324437950776,19.45486430705512,20.95167537165959,0.019205533,1090.9187,122.05525386120502,-33.3379810764895,9.780697,1.2687778
49520255665123328,64.87462537982385,21.75371096399956,21.031458216917265,0.022780646,923.21606,109.5106954935432,-38.926687346325366,12.847304,2.5429764
3306007129990778368,66.7015509438664,10.87104212376382,21.159358865398456,0.39524114,53.535313,84.59769361862016,-3.291155368253534,9.099008,1.2703705
3311038666998173184,65.84974595899124,14.427849817287893,21.16004577091608,0.21195878,99.83095,110.94351874539676,-21.13552582176292,13.543492,2.9259453
3314212068010812032,67.37695672528574,17.863022648846673,21.438554423234333,0.022946548,934.28235,106.1192327332723,-32.02855957789507,6.797135,0.60004234
3304337251002413952,62.11165709792025,12.191797632139169,21.58431663010373,0.017492065,1233.949,119.48704471307887,-10.952029796356811,10.703841,1.6431818
3314294771901304192,68.48159725897497,18.38062040059367,21.587850129123968,0.031458754,686.2271,103.7944137257437,-32.46346394321611,14.972231,3.0574532
3312904233289409152,67.25111621738195,16.346213879024717,21.632519360189345,0.018340891,1179.4694,105.1068878388032,-27.317100539736167,13.074519,2.6452227
47109438983082496,60.72188035526808,18.407175984900785,21.87325614936264,0.029881796,731.9927,128.3302332396565,-29.46830346216534,13.841202,2.9892673
3393284752392701312,74.9350682786819,15.916600609120549,22.37712890348192,0.02620532,853.91547,85.06808408172753,-29.655281713804747,6.6445017,0.59449005
3292663564251652608,70.21731447772568,9.087582929941526,22.405532749019123,0.029280003,765.2162,99.09717155355074,-4.953315603889033,14.790501,3.0172787
46498282316394240,59.92594336936887,16.940633327085227,22.560717858850875,0.02530618,891.5102,123.82777850729224,-53.27810329742692,12.6925535,2.3502245
3406284725043872256,71.81276693698982,17.33030105619859,22.66234471257312,0.13159236,172.21626,94.689063237666,-30.63102624878202,17.2498,4.140005
149089760932648448,65.10245031957996,23.93685344061156,22.812869643460235,0.3042268,74.9864,130.10634885277975,-27.88603843824469,19.10023,3.5567684
45142206521351552,61.92552108068629,15.16268590666018,22.850537135218374,0.028883275,791.1339,127.74418003865536,-23.238637670992127,5.984928,0.50674057
3307992336891315968,69.96285291527285,12.72840639889554,22.89849594744865,0.021388963,1070.5753,102.516875225343,-16.16321848160308,9.665218,1.2807331
145293181643038208,66.58045411387285,21.468743547714656,20.73851328551254,0.034980223,592.86395,105.14685435985736,-40.66028703373777,15.070739,3.0800104
3313842529024545664,65.85493019594335,16.777147465731876,20.79504603398395,0.07085363,293.49304,106.9709172238661,-26.24746920701244,5.573977,0.40038252
52640154268714496,62.6567580129737,21.60249726909654,20.892283396147388,0.059335656,352.10333,115.19239408765912,-40.68301842682513,16.29227,3.521925
47965443143743488,66.23851281426906,19.04185483625785,21.338379524598544,0.23165676,92.11205,102.36768706396188,-34.70863371403945,5.881098,0.53017616
145727729255780736,66.57745017375387,22.813375430212517,21.74857378818941,0.16727245,130.01886,107.9496006092343,-46.1191144632254,4.228601,0.40032077
3312899491645515776,67.37958519537817,16.244692315734465,21.81806190139089,0.020506015,1063.9835,104.46346593636034,-21.071062521463688,9.932404,1.3727016
47715063730746880,64.64158211986751,18.36458359057584,21.82099846468514,0.03812726,572.3201,116.93174979094714,-31.225844936308956,14.589073,3.028245
3312951748510907648,67.49102855410932,16.67271469531208,21.918833298371936,0.016625928,1318.3525,106.76090585888043,-28.325579500310205,8.859189,1.0197
3312281669189449472,64.5808484916205,16.08822764431631,22.242729901750533,0.015430937,1441.4375,118.80159677568072,-23.34002380212081,9.294652,1.1461821
3310857011357831936,66.85088845612013,14.11857201972296,22.33738497873375,0.023417866,953.86084,108.56474654944674,-18.051971998953,14.462616,2.9582796
3311804515502788352,63.27395214948896,15.247700118856342,22.357247280357765,0.03077869,726.3872,122.44950869749096,-18.603451879024888,14.355454,2.9613495
3308269757418376576,68.9525756160403,13.287966114514596,20.29581116307245,0.018649504,1088.2761,94.57335248251292,-18.538719825755333,13.615199,2.729537
3405988677241799040,72.50336213922736,16.4119404233141,20.322504046614675,0.022058612,921.29565,84.04476903905963,-27.012353757670663,10.180463,1.3848972
3310876802567157248,66.85605547720428,14.260578556388577,20.42227991360521,0.19219771,106.25662,102.45836199187342,-19.956020786554035,10.026131,1.33076
3313526556869575296,66.20070596676636,15.874649203665436,20.67833275816717,0.30507854,67.780365,100.34452068045356,-12.269188261040467,11.324224,1.9229269
151312419393052032,67.29629284165766,26.246508186399712,20.914300970803517,0.016899796,1237.5475,103.1185834592628,-55.48239469099442,12.055849,2.1427555
47982794811614080,66.08777664103502,19.180615222151253,21.221541356846625,0.032064047,661.8485,107.33819741939575,-37.70735951451041,15.132381,3.058339
3307516660672931584,68.77368125958311,13.173594071494676,21.412135174332253,0.019940645,1073.7935,100.72156144527855,-16.62055111378016,13.70326,2.8682575
3313285110990793472,68.48680175601453,16.86893699017762,21.48256636168679,0.020551529,1045.3025,102.05202469721355,-28.39885970028468,13.742438,2.7609415
3313653894061044224,65.99690955661914,16.721465710411213,21.74597706160512,0.025943754,838.197,108.74205842614374,-24.43100030064956,11.733229,2.0506887
3312744219988782720,67.16608051054888,15.870784455320392,21.81251596251546,0.37348384,58.402836,106.14776250704207,-20.293824952737538,3.3779078,0.39932775
147877549363243520,67.73289168285214,24.83790520061017,22.33577396701976,0.03176673,703.1184,106.11682285722662,-55.41076672012422,14.66773,3.047492
3410118477275889024,71.51173180643754,19.46816920634623,20.113745166945517,0.081322856,247.33202,85.1733272274157,-35.7229737604877,16.80169,3.7396898
49131681384221184,65.43537023809772,20.402754686332496,20.282688061310395,0.11537205,175.80244,104.08247386373684,-33.55629455480451,17.242485,3.9258785
149476479789791488,65.47176262966968,24.240285426676486,20.28463296262879,0.063989155,317.00113,105.14956896704268,-47.114907611570985,13.641221,2.9549856
3304849176745102080,60.29641649002439,12.098370014663557,20.670897672407094,0.021269387,971.8615,89.38949633438797,0.4492702139200054,11.32913,1.800828
3406734906335151872,72.70776430328488,18.14103541817889,21.38600220491297,0.057168733,374.08563,88.68578121984478,-35.32663088281443,16.368626,3.568757
3311148828615843328,65.88522390284595,14.67039844789645,21.47606756520902,0.018978797,1131.5822,109.24196419712032,-17.947133876529186,8.887173,1.0133181
52798209065854848,63.197912787518135,22.390667138371487,21.811496339922304,0.3214358,67.85646,121.7464575401594,-42.808906439582486,14.442423,3.0595303
3313606340183243136,65.98260314349544,16.354077059105514,22.088260260658192,0.032218892,685.5686,114.60982694374128,-27.79161336804319,14.329463,-0.25275135
3304096595394580608,64.04579641854981,11.533700148804412,22.155187173749795,0.05399155,410.3455,117.3807408578851,-11.249655875651674,15.822491,3.3786077
3312960205303089664,67.48275769215242,16.913911822491304,22.72646779815639,0.017441224,1303.0317,109.78026960512184,-31.23702514412812,11.965812,2.199377
145391484855481344,67.00372585556586,21.619715671604588,20.15881676146232,0.05548979,363.28876,97.09780452126684,-42.14035232196819,5.6573215,0.373621
3405082374719674240,72.24869984103235,15.604736047382485,20.576005066796807,0.17161152,119.89874,90.57549494790176,-23.74245513459229,14.185166,3.1074696
3405113740864365440,72.38425479124014,15.888629620259284,20.62442127241635,0.019703357,1046.7466,86.74182616494376,-25.516382936765595,7.5957522,0.72790194
3410154456217987584,70.71264449605083,19.487006917100963,20.633405807771357,0.020250011,1018.93304,88.95921873707927,-36.265937883994894,13.710716,2.7073555
3304849172450634368,60.29798321392552,12.098266824434392,20.68611816887216,0.023979072,862.6739,89.16092787853675,-1.1854853681517912,11.746285,1.9490309
47541100375011968,65.38496942725972,18.41744025238449,20.885733460424145,0.02385233,875.6265,110.44900990966732,-31.91854784127326,6.7013855,0.582345
3311221224584455936,65.68440170253284,15.056327740576604,21.026355477142264,0.03632581,578.82697,100.34236674943136,-29.289519804074057,8.366908,0.71623135
3311221224583178368,65.68458418346766,15.056034383369544,21.18773295114552,0.026844518,789.27594,114.26697815985808,-13.83439728546639,7.1384563,0.75829554
3306304002426877440,68.54687819175334,11.557856011851417,21.28626420317385,0.20599644,103.33317,98.40723137939322,-19.81002199919745,11.071595,1.8341255
47319961098840192,64.53807309193438,17.416130138912035,21.944709122364497,0.031130394,704.9287,113.6904264767072,-27.89789617687469,14.702765,3.0002718
48203487411427456,65.05456696075474,19.233321027772863,22.020045526274,0.031044696,709.3014,114.58635515841462,-35.17157741985631,7.3269024,0.71302414
3411811317161811328,72.56988193028602,20.62562709067219,22.05154119938293,0.018648785,1182.4653,89.48173302429399,-44.39082534016306,13.134485,2.6833782
3313541056680391296,65.92951789088579,15.880803450919558,22.4770888204994,0.020991715,1070.76,114.89314405896891,-25.89355391931108,13.549859,2.683323
3311120722349948672,65.23411332349541,14.859496095395018,20.60062139966309,0.039784938,517.7995,110.0820107151224,-21.127957778586957,15.127425,3.1471786
3310702770492165120,64.83451345915711,14.316347980068391,20.85092023125928,0.016785895,1242.1691,107.93602845660207,-17.7577790655432,11.98053,2.0924911
3413223227530503168,73.19853255933324,22.64707023101858,20.901164236073424,0.24182512,86.43091,71.04557845721568,-41.37851538485168,10.960711,1.5973625
3295883999449691264,70.37030475207318,12.00928091435981,21.155813513954374,0.017240647,1227.0894,94.86966963825614,-13.994043401935036,12.0128565,2.1516361
45367056650753280,61.56774806806588,15.698032862131647,21.1750396454176,0.022528196,939.935,118.96454993102434,-19.715098672341668,7.7056403,0.7535939
3408317000489415296,74.86536714653856,19.3435880635834,21.34739380756155,0.025759807,828.70935,79.55236167594681,-41.0958489962472,14.241144,2.9152002
3312575685471393664,68.64759095859309,15.504503855092008,21.66896992865236,0.02430476,891.5525,100.96281435030956,-26.81401752868006,7.782416,0.78598595
3410856112139584000,68.8069633740276,20.13348182757384,21.94869710450296,0.1420797,154.4816,101.47918225572909,-41.83082929293606,17.741829,4.281307
3312892757136810880,67.24952006074582,16.15896922043472,22.17514707292207,0.40481293,54.77875,130.93138565834687,-26.57679514531823,6.4531355,0.6963291
3295557581935254144,72.1920309934172,11.385638026949096,22.59236882045343,0.12608217,179.18765,90.46330491665437,-13.10922663865854,16.273624,3.8976202
40470720915966208,58.722372340985416,16.31552082894343,22.74402568750854,0.06847326,332.15927,131.35248341395356,-22.730582649900207,12.939815,2.8418102
149338937755074560,67.0160684236367,24.40196852496281,20.19454834924024,0.6974405,28.955229,90.792142453849,-40.05687563474116,16.068594,3.457778
3314024566919613952,65.73422490902678,17.542390757517502,20.30919733178576,0.22764926,89.21267,106.21194808573482,-27.692344422611363,3.516044,1.1873329
3311102820926310784,65.39669553192954,14.695153868168015,20.326692831232425,0.029045576,699.8206,106.49657261059144,-19.73171837672036,14.278773,2.862668
3313579505227558528,66.31936239676666,16.3022336834695,21.250239265348167,0.033601098,632.42694,108.55029876049758,-25.83963038411747,14.998649,3.057806
45788547559850496,64.41279837486526,16.94772397450725,21.440406410424067,0.06723819,318.87247,112.78276806267964,-23.819577109751293,8.107573,0.96019936
3305871825637254912,67.73868055535941,10.751718973253958,21.50235325035909,0.029887693,719.43835,102.86729657313283,-10.75874061348103,6.921069,0.6236849
3312052249215275904,64.94888616843296,15.62753819285276,21.664548744839895,0.183109,118.31504,116.24694786142688,-23.368325290143204,3.4027567,1.2049625
3313665885609887744,66.77717673131863,16.430092002554506,21.66732573514696,0.06976445,310.5783,107.56779251043268,-24.91171284914873,16.533167,3.7260933
3310569798304869888,64.69651758804221,13.366232103250711,21.71107339531789,0.023010239,943.5397,116.31953265189988,-17.325722095813084,11.273949,1.8796577
3291312951656888320,73.65783723269205,9.409052575511978,21.790936076305865,0.023778684,916.4063,82.95944058231093,-8.301109148725672,14.629339,3.0287075
45159901786885632,61.755680961496566,15.334941426173367,22.22862392233613,0.017393649,1277.9736,124.62563850797356,-19.785723427617143,10.051599,1.4111423
65502206932420224,59.86151989100853,23.38525105549749,22.64691270930965,0.029206304,775.4118,133.32751757462492,-43.86146886856102,14.649438,3.0661526
51383893515451392,59.80698463008898,20.42804405661144,22.84304285895556,0.021959197,1040.2495,135.33742917082168,-36.7257965306035,12.558389,2.3685064
3410409886514680064,69.01782417867581,18.888423253705223,20.245579145723223,0.12465575,162.41191,84.23754529734872,-22.03673836601861,12.484824,2.47365
3310903740601986432,66.94644176768678,14.417664583381969,20.35256529381705,0.01585619,1283.5723,100.55014107182478,-19.20040671441904,9.218413,1.0889225
3410787568757738752,68.9671735616801,19.795694154412686,20.525269241236483,0.20028292,102.48138,95.4108290440268,-38.762576200361416,13.837223,2.9557772
145226970426193280,68.80537744580039,22.988809423385064,20.723091935199797,0.1666228,124.37128,97.80118559758746,-41.65819481424504,14.423778,3.2254057
48061409893621248,67.1555527872302,19.74051990049017,20.81034364418756,0.03905018,532.9129,102.9064061335923,-38.10135516086813,8.441752,0.89888763
3304412601908736512,63.61408308649261,12.435256533217302,21.0556560695836,0.032478068,648.30383,114.7307597892001,-13.098735856191263,7.8848915,0.7950406
145168558871003776,69.27173075653609,22.85712173500254,21.05986050557147,0.1256771,167.5712,96.80446177731169,-46.45883820174364,17.316448,4.0014935
47345009348203392,64.78389360834417,17.524630513050628,21.390700254048006,0.026578559,804.81036,113.12486444102618,-27.85180674507326,8.279239,0.8785043
45567511362945152,61.93056278228586,16.51867914556769,21.59088818952663,0.017761739,1215.5841,122.30377721103991,-24.96347377048117,9.604419,1.2108908
3313689422030650496,66.6676726168485,16.74677258632566,21.85212884110757,0.03444133,634.474,107.47186617521814,-31.53080384333542,7.950683,0.81960154
3406352826045301632,71.61354566514336,17.626471236854233,21.85460530435128,0.15849492,137.88837,93.82506254812742,-32.81579151047897,14.570421,3.0371037
49729231594420096,60.20380195133232,18.19387756746013,21.85669141594702,0.042020794,520.1399,130.27507482032178,-27.86443910589072,5.804048,0.44740105
3312628358950130176,67.66251575060892,15.691769659062851,21.86843191355519,0.070041776,312.21985,103.48821587457375,-24.353763331160515,5.4175873,0.32913733
3309420014084185600,68.4696324759209,14.850761740625993,21.94460899596352,0.038933992,563.6362,101.81615258036,-25.70815437780425,15.195518,3.1247358
3306922958753764992,66.94247703953242,11.736363784648624,22.151685825715028,0.020549797,1077.9517,110.05162568142823,-12.422514774076658,7.3707113,0.7133622
3310500082395427200,63.7169232554222,13.054855338582076,22.294688088545765,0.045448437,490.54907,112.75112138609474,-22.059896989915025,10.232033,1.4961023
3312837025641272320,67.69551967147464,16.148532608296946,22.452802624244807,0.025360918,885.3309,114.04477575771098,-33.38083251325954,6.406904,0.5842619
3306421753248761984,69.11577876378989,11.856683086919585,22.63970463772677,0.220503,102.673,101.32268349179591,-9.082894317346572,18.360128,4.020073
3306856541379219456,65.60756954085089,11.305663743683306,22.70005263891222,0.24715331,91.84604,113.95375057479764,-11.008751770472308,9.358516,1.431427
3295377360811741184,74.69069979931963,12.209450823408815,22.72790497943969,0.878914,25.859077,88.63223083410145,-17.450792340668183,20.345764,2.8003826
3313207698500079360,69.63189917287164,17.04055509824066,22.85331654281413,0.020877853,1094.6201,106.24672866768168,-31.389098407894696,13.618415,2.808816
49968306654050944,58.98887225768766,18.432146391229274,22.85518383898429,0.01826501,1251.3097,136.73872500331092,-30.79173209582898,13.001957,2.5698195
147232651433766528,70.85359728998459,24.2964410178168,20.51635582322876,0.020655721,993.2529,91.6557375268811,-52.25943492761425,12.903985,2.5290155
49131681384221952,65.44163945529262,20.395550027325378,20.540163199450884,0.1561106,131.57443,104.811415931944,-33.41532847520043,17.93693,4.314142
47751828650825856,65.05889052370046,18.70196761968929,20.644823633460607,0.10241049,201.58896,105.09720116301764,-31.766270421566404,17.380816,4.105853
3307650109600736000,67.20948986265694,13.04753577613368,20.7158275616805,0.08992032,230.37982,104.0662360049054,-14.900380463272183,4.974638,0.28398275
3309918646903563264,69.74413335884405,15.66134729244483,20.73420397208147,0.07816423,265.26462,92.88202041354572,-23.120656818575483,16.722443,3.7036982
50427387118457984,60.06551761888576,19.40999977920341,20.784654277557596,0.031543713,658.9159,124.05003154447888,-33.15864551058504,14.678405,3.0044937
3309541170817293824,68.66689038204488,15.208964911975178,21.07507415226267,0.06817406,309.1363,103.15688773254992,-35.85557174837498,11.549942,2.0912971
3310615565476268032,65.22015770420096,13.864370841354328,21.09351261138683,0.03247488,649.53326,106.88260714504528,-12.399521780388248,6.0480075,0.5970855
3311934086075988864,64.4656126372456,15.227063447450588,21.125368661812228,0.02709581,779.6545,109.65233201547665,-21.86460130676811,14.218251,2.8814716
3310640648085373824,64.44922468154691,13.661704892347966,21.139233734577186,0.022931347,921.84875,109.25947233228388,-16.777791608316285,11.770583,2.082737
3312025001943976064,65.80253436758252,15.712784182546748,21.566208065928656,0.027361881,788.1844,112.2485024763629,-21.56015783535826,14.3163395,2.9911318
3313977356636886144,66.02741879597104,17.4442235658507,21.6459760407146,0.10286981,210.42108,107.84832747952228,-22.62373525280196,14.583092,2.597931
144171233106399104,67.81589657872274,20.13299459878652,21.709497140089493,0.020119479,1079.0288,106.53332318806764,-39.29482776447058,8.404495,0.90096426
3308403897837092992,70.09992853565252,13.979318665904936,21.759915026491484,0.032920063,660.9925,95.28566036074272,-20.835310650511087,14.9131975,-0.15952682
3313778207594395392,66.81983230907242,17.241711375171782,21.81444620546993,0.020584943,1059.7283,107.51215513083208,-31.586936720187342,12.13662,2.210867
3306483944378137088,69.53990118480833,12.510770912489669,22.030957747168557,0.19201577,114.735146,104.69464756654698,-14.860823838208058,4.253432,0.18638706
3308501926171656832,72.29440092915024,13.811345343593024,22.131125231488067,0.02521971,877.5329,88.33667020089916,-22.250997369206093,14.280831,2.9861012
3409548556593300480,69.93787274420261,18.094692552580685,22.31447961767648,0.0564113,395.56757,102.88484380975328,-34.19319221143056,16.200205,3.6003256
145218857232329472,69.15895811624549,23.041749426082887,22.479936572382865,0.03354585,670.12573,103.314707700456,-51.86702742446364,13.074914,2.7881413
3307371215900262784,67.8030685961577,12.477266173914687,20.34943187479348,0.036521833,557.1854,96.20909429432398,-12.593081779986914,15.380332,3.1688204
3412331901556818048,73.99613797665118,21.66666017960367,20.486010396153137,0.23956712,85.51261,77.85024813644083,-44.83521452899999,18.740353,3.9769592
150982364040857472,67.44735529219814,25.48831263882796,20.56743439786972,0.22285296,92.291504,98.63535482632122,-52.69349832020787,18.257837,4.3813896
3296045077903829888,71.72078452583199,12.88377150174612,20.574214191473143,0.018848885,1091.5348,88.88028280188034,-18.539363289806825,13.807008,2.800806
3313259169388356608,68.40865079618047,16.762386244728727,20.61556113871976,0.017517813,1176.8342,97.99880517969228,-25.49159863900907,9.15698,1.0530233
3308896238528440448,71.89763218567602,14.888977576344391,20.93206028817838,0.01839954,1137.6404,87.22401539215304,-24.30559187988497,10.927766,1.6903677
3307131900322333312,65.33284321495398,12.043855562220427,21.11859659724048,0.06088481,346.8615,109.1551095040374,-10.822976002800376,14.674154,3.2915983
3312136499294830848,63.9433848777668,15.400600422560654,21.303677442165004,0.030425297,700.19617,115.59655062933147,-21.520782477177725,6.218952,0.5320587
3313173957234728576,69.38416312823124,16.75879068634628,21.41008523788961,0.095767885,223.56226,95.44066329763558,-14.250744828838087,14.560182,2.9406567
3313978112552491136,66.02452121402943,17.443985101312077,21.61924104437301,0.099429496,217.43286,110.58004635581656,-32.8087266938356,4.7558556,0.22975779
3305860933600191872,67.81618729693938,10.704236969956913,21.669791014839102,0.058330778,371.4984,103.9964463090593,-11.130169140933573,13.610997,2.9790468
3308851433430549632,71.03543674140586,14.714791077720443,21.7437364928008,0.03930556,553.1975,91.26041779408229,-24.92072377456012,15.460746,3.2255697
39163474607448192,60.248464510952175,14.345864861471355,21.96957786570396,0.2720026,80.76974,128.23816554333953,-14.906157104815104,13.77109,2.9686556
3311785239689504512,62.81142129185698,15.086263771352034,22.161311312651208,0.09521701,232.74529,123.42393077852108,-24.77845893083363,17.11659,3.9367123
3312849326428424704,67.64062132435598,16.193900711881753,22.18747294665825,0.1430216,155.13373,104.88879350180169,-25.445976467323547,4.752029,0.23295069
3299573475139651584,65.9618028617579,9.20539197328998,22.35759064919424,0.024482844,913.19415,114.287285596903,-5.402224394030945,11.811197,2.454998
3311810047420637568,63.46857579356195,15.36487063340007,22.387419241858197,0.093279816,240.00282,123.9529193262291,-13.58785583019484,14.308949,2.9282503
3409959567782077184,72.36834652489277,19.27721717738993,20.109268448975453,0.032018635,628.0489,82.78012364307611,-37.16257922484627,15.065078,3.104148
3308470968047333248,71.81617551960636,13.556654821250085,20.295380734900935,0.047843296,424.20532,88.41038601554597,-17.74925416816179,16.124704,3.389986
3405338148611960448,74.6593711022715,16.222265039884807,20.29958169549481,0.053297468,380.8733,78.30722611496202,-29.056142499388507,15.291421,3.3345451
3308470968047333120,71.81605640813136,13.557266246592109,20.31316224402041,0.048997357,414.5767,85.82616821671253,-17.442563448174894,16.152334,3.1812553
3312882483575093760,67.79637749253605,16.39576252180493,20.316503143723228,0.01986722,1022.61426,98.79967538236876,-24.70843360310259,13.791429,2.7550125
48455894049191424,63.624805023608,18.729881346946023,20.68037659924827,0.062000703,333.55066,110.10127993494416,-30.568057865234003,13.204377,2.7620544
45293526808851200,62.8657374648808,15.992064812308127,20.97584775262172,0.017986475,1166.2012,117.53594288776333,-19.69232140919028,13.776278,2.8223944
3314063977537054208,66.3729376285106,17.927768735352878,21.086509524006694,0.13814656,152.63867,107.31597291846634,-30.999864147519936,4.295662,0.08517885
53942250914697472,62.1514586147869,23.768418750646735,21.101376976449195,0.017259339,1222.6063,119.73831500044189,-43.1972981480758,9.199288,1.0837736
45198178534988672,62.49039974488908,15.416883616520485,21.226790158930136,0.04107401,516.7937,118.52269589876772,-21.85428299885201,14.58098,3.1423988
3313173957237081984,69.38447123432836,16.758565709467636,21.28243624077011,0.12009496,177.2134,99.74091391478244,-28.382371806868484,14.52253,3.167117
3312520946111619072,67.30193646682095,15.273804206793624,21.451662078172305,0.022586402,949.7601,103.30019069611257,-22.12825385808798,11.554099,1.9621143
47620265212420096,64.5081856084335,18.256665555666448,21.56979276213544,0.042027123,513.23505,113.30798483455612,-31.32716999435684,7.3715596,0.8417783
45845378567048320,64.0065961553584,16.98296420388861,21.62212179497498,0.020969896,1031.1029,117.38951560114694,-29.94066189010253,13.75481,2.825718
45404199528067200,61.04541973138568,15.806009963376626,22.02669697527581,0.06933186,317.6995,126.87052589408452,-19.532899157035992,16.279293,3.6208982
38929141191925760,60.18788343489715,13.906261435698088,22.207221277727587,0.1871563,118.65601,129.1616867319085,-14.793878260018896,13.338667,2.9850235
3309611539560293632,70.43860346949731,14.899404014685777,22.296864388952425,0.43021664,51.82706,99.01628010501656,-22.35365471376967,19.513607,2.9612694
46498282316394496,59.924858160700616,16.941086796458336,22.51244857387524,0.053170074,423.40448,128.3850670182315,-52.01708683170595,15.947894,3.2364473
3307815006281475200,67.87268564180225,13.903399057854472,20.27674708776159,0.16559716,122.44623,86.6072874406941,-6.108541034740216,7.643193,0.69734
3301044896575527680,65.31859939066207,11.42604579022264,20.49198335344504,0.24938856,82.1689,115.20872001995612,-3.643609636070532,13.262825,2.720502
3405909374965722368,72.12806732413621,16.38839949353656,20.764649973138543,0.019183043,1082.4481,86.51688758609262,-30.31899579840917,11.648043,1.9819012
3307645131734449408,66.7269036563752,13.138103140203471,20.856250700610264,0.016678682,1250.4735,104.6549179420714,-16.500474218532617,10.08551,1.3796988
147118233505518976,72.97272585188522,24.609877647970464,20.91460162552224,0.049606726,421.6082,86.41877777747347,-55.01854558953337,15.8172655,3.369481
3309974344039455488,69.5444304347343,15.821382952558132,21.01838989752342,0.02544425,826.0565,97.32743849223635,-26.75931565908957,14.388778,2.9184856
3314137846679343872,68.0336649745617,17.6643440638911,21.07527631220369,0.028105386,749.86615,99.88685030851735,-30.65515123965629,13.979582,2.8372974
3406786445943961088,71.906957841128,18.25857777477147,21.089758083460115,0.043262184,487.48712,83.25196796452937,-37.69735522433507,8.351739,0.8851352
49005581144118784,64.74209416547012,19.90653885437164,21.44666912644348,0.01951307,1099.0925,112.85124254263434,-36.53771534966924,8.424586,0.89792156
3307528033746225664,68.44481144533495,13.251806962271951,21.81709921126018,0.022662971,962.6761,102.80856198547193,-17.438976622324038,6.5178695,0.5718975
3300934223858467072,63.6436281045371,10.701362037070773,22.169762571635413,0.0213906,1036.4254,119.52841216247784,-5.6614844677125165,6.98168,0.6610131
49157794785448192,65.67911798706223,20.56998136359179,22.2044737658087,0.12812465,173.30367,109.142245168297,-37.477731073574574,13.435896,2.8771925
3296031437085975424,71.43262850610868,12.775343688926457,22.66008352599756,0.5551012,40.821533,100.06587120753689,-15.97752838746933,19.821424,3.3556557
3296520066926319104,72.95873165305187,13.655005981699428,22.671066721414675,0.41223845,54.995033,93.36783697514684,-29.05990025009136,6.3084307,0.64833593
